experiment,dgp,dependence,sigma,rep,true_order,khat,rem1_p,rem2_p,rem3_p,ub_cert
ksweep_k4,o1,indep,0.0,0,1,1,0.6963955959537116,0.49277237688589015,0.7556000356276364,0.00010554785947131634
ksweep_k4,o1,indep,0.0,1,1,1,0.8217197424172056,0.9594385858901449,0.8140082676830158,0.00018008765627651742
ksweep_k4,o1,indep,0.0,2,1,1,0.9529917527869669,0.8707155761613581,0.7946222438422856,9.070406376458876e-06
ksweep_k4,o1,indep,0.0,3,1,1,0.9505190648152614,0.8295851581818761,0.5236609694633102,1.1497107333789479e-05
ksweep_k4,o1,indep,0.0,4,1,1,0.8876405894839269,0.8516736549439404,0.08755343220920175,4.043706718385283e-05
ksweep_k4,o1,indep,0.0,5,1,1,0.5639064117450364,0.7003487520931533,0.35211389784630964,7.386656079769631e-05
ksweep_k4,o1,indep,0.0,6,1,1,0.8450636854403569,0.6339766620063321,0.776728784657837,4.552793098852413e-05
ksweep_k4,o1,indep,0.0,7,1,1,0.7800894443369546,0.9397086809775574,0.8199338619840215,4.7859815053666245e-05
ksweep_k4,o1,indep,0.0,8,1,1,0.9744558469190461,0.8148231688489618,0.8735088083232229,-5.116280360546793e-07
ksweep_k4,o1,indep,0.0,9,1,1,0.9308832237752216,0.8803889898194333,0.27458932992330576,3.10905283634314e-05
ksweep_k4,o1,indep,0.0,10,1,1,0.9887999268801559,0.9935454885071904,0.9144169406566613,-3.7789731406853404e-05
ksweep_k4,o1,indep,0.0,11,1,1,0.8845491718323771,0.9196059243795842,0.5246530068144936,5.1449233685385585e-05
ksweep_k4,o1,indep,0.0,12,1,1,0.995496348294946,0.9447666176900368,0.8083253929204546,-2.1209444398975226e-05
ksweep_k4,o1,indep,0.0,13,1,1,0.9941201813420868,0.9115001932510878,0.6594233594089334,-3.287282983772869e-05
ksweep_k4,o1,indep,0.0,14,1,1,0.9019284603800881,0.8968748644089358,0.8220216923532844,4.0415615419523636e-05
ksweep_k4,o1,indep,0.0,15,1,1,0.6184715204755273,0.9801570824679268,0.892704621297404,0.00011681692213569434
ksweep_k4,o1,indep,0.0,16,1,1,0.9833984546720407,0.9681279603098021,0.8481535204580595,-1.321943477678132e-05
ksweep_k4,o1,indep,0.0,17,1,1,0.6867111753409795,0.7006385570592091,0.13409803271892295,0.00011774609851343341
ksweep_k4,o1,indep,0.0,18,1,1,0.36225582643051757,0.6364916072316282,0.7753396314807517,0.0003992165079358135
ksweep_k4,o1,indep,0.0,19,1,1,0.9989388620683909,0.8491031960313143,0.46633051510182966,-2.699045822194903e-05
ksweep_k4,o1,indep,0.5,0,1,1,0.9998079907687344,0.9868003177855964,0.8164307278839589,7.4101265488255214e-06
ksweep_k4,o1,indep,0.5,1,1,1,0.9930468260343732,0.9281557594882659,0.7943973792328968,0.00024349271369573174
ksweep_k4,o1,indep,0.5,2,1,1,0.997863170272717,0.9942748676289006,0.9096365530928215,0.00020442026967632486
ksweep_k4,o1,indep,0.5,3,1,1,0.9989083820042671,0.9916108708995564,0.6596113032797607,0.0001333010748231667
ksweep_k4,o1,indep,0.5,4,1,1,0.9847905480467284,0.9592898498067148,0.9232058119323954,0.0003349321693164732
ksweep_k4,o1,indep,0.5,5,1,1,0.979586874749492,0.9728705814281695,0.7440675680652457,0.00032749601381696643
ksweep_k4,o1,indep,0.5,6,1,1,0.92703667255899,0.7216873239011483,0.30297534598474873,0.0004973841100082287
ksweep_k4,o1,indep,0.5,7,1,1,0.9886265478306575,0.9802758015205124,0.7027585404483077,0.0002311485235008214
ksweep_k4,o1,indep,0.5,8,1,1,0.9747363361434094,0.8611794159581584,0.8973689949244612,0.00033586386627482015
ksweep_k4,o1,indep,0.5,9,1,1,0.9778635265406734,0.9320502275975423,0.8761723688253424,0.00030511552220018355
ksweep_k4,o1,indep,0.5,10,1,1,0.9996270865347289,0.9936825189659613,0.8264813618251614,2.222043219209487e-05
ksweep_k4,o1,indep,0.5,11,1,1,0.9278940196632479,0.8907604602640273,0.8411818023767202,0.0004939308939323483
ksweep_k4,o1,indep,0.5,12,1,1,0.999942740644063,0.997453425235785,0.8875955655175024,5.7467888456117226e-05
ksweep_k4,o1,indep,0.5,13,1,1,0.9627335375155602,0.33231003996870756,0.45617275563896975,0.0004307651735086188
ksweep_k4,o1,indep,0.5,14,1,1,0.9959397747372003,0.9157750070857082,0.1525639033978491,0.00021891438088026685
ksweep_k4,o1,indep,0.5,15,1,1,0.8731354757241933,0.8509886404195829,0.47239989090768386,0.0005869125890894244
ksweep_k4,o1,indep,0.5,16,1,1,0.9554454254481534,0.44461632860473865,0.8571491698062939,0.00045584975702089067
ksweep_k4,o1,indep,0.5,17,1,1,0.9622261267700453,0.9192224374820741,0.636216651134841,0.00042218456860038995
ksweep_k4,o1,indep,0.5,18,1,1,0.9992403670488482,0.9832459107660092,0.26484695610245146,7.962505792061904e-05
ksweep_k4,o1,indep,0.5,19,1,1,0.9907583646662045,0.9818743630923932,0.6913849538338563,0.00021757899819849127
ksweep_k4,o1,pair0.5,0.0,0,1,1,0.9033075964083653,0.6786149729817237,0.7916430405650687,5.115910045039396e-05
ksweep_k4,o1,pair0.5,0.0,1,1,1,0.8156272350859931,0.13267818060387804,0.8745361953735975,0.00020016440967610957
ksweep_k4,o1,pair0.5,0.0,2,1,1,0.7969183785988216,0.5298102282633927,0.7915587452077659,0.0001778107930550127
ksweep_k4,o1,pair0.5,0.0,3,1,1,0.9721287794659994,0.4256792131969368,0.8487806351048222,-7.845737099581767e-06
ksweep_k4,o1,pair0.5,0.0,4,1,1,0.8604450455026422,0.47284688076317194,0.055077545760123026,0.00010856490480054299
ksweep_k4,o1,pair0.5,0.0,5,1,1,0.7475287241422316,0.6682200240615764,0.5176819818129387,0.0001117256162152226
ksweep_k4,o1,pair0.5,0.0,6,1,1,0.9839492746438262,0.8767750173801468,0.6221579858428924,-4.361934844481917e-05
ksweep_k4,o1,pair0.5,0.0,7,1,1,0.9430177203714885,0.9412986330369898,0.7202556607819732,2.1077873509040967e-05
ksweep_k4,o1,pair0.5,0.0,8,1,1,0.9407284925836559,0.6962538979070773,0.49987231054980985,2.2828628802751966e-05
ksweep_k4,o1,pair0.5,0.0,9,1,1,0.8366408167815228,0.7565684390656939,0.6144581939247734,3.952243301494822e-05
ksweep_k4,o1,pair0.5,0.0,10,1,1,0.8546420461960527,0.7756317191887321,0.573838435031514,0.00010719310115862588
ksweep_k4,o1,pair0.5,0.0,11,1,1,0.8471064140180222,0.8293255746641907,0.5786706922051054,0.00011667754503851799
ksweep_k4,o1,pair0.5,0.0,12,1,1,0.8993444667775828,0.9396973733607944,0.8808000501801819,8.946156767636578e-05
ksweep_k4,o1,pair0.5,0.0,13,1,1,0.731681356278507,0.4305370640007202,0.8347791923656213,0.0002705153382326786
ksweep_k4,o1,pair0.5,0.0,14,1,1,0.6166504741020636,0.979303797005353,0.7108006613722189,0.00020731817112464983
ksweep_k4,o1,pair0.5,0.0,15,1,1,0.9922614506239733,0.9446395790092152,0.7999525031130705,-0.00011143356706139212
ksweep_k4,o1,pair0.5,0.0,16,1,1,0.6372911711237467,0.6225156511567151,0.8268871810083345,9.037198662509882e-05
ksweep_k4,o1,pair0.5,0.0,17,1,1,0.6636225000261207,0.5572694855815314,0.6794055737692268,0.0001292197538420357
ksweep_k4,o1,pair0.5,0.0,18,1,1,0.9231568977864093,0.6304018830735283,0.8711397729608991,3.8786135181071216e-05
ksweep_k4,o1,pair0.5,0.0,19,1,1,0.9245604704853553,0.8506959643207258,0.5163386062015609,3.549286658234284e-05
ksweep_k4,o1,pair0.5,0.5,0,1,1,0.9970246625822198,0.9757807912471163,0.42323001881008815,0.00018787242327316495
ksweep_k4,o1,pair0.5,0.5,1,1,1,0.9957115646791761,0.9250455299832133,0.8040973369938182,0.00030928949856693006
ksweep_k4,o1,pair0.5,0.5,2,1,1,0.975551571205138,0.9568542145742529,0.84436747887524,0.0005238699131540736
ksweep_k4,o1,pair0.5,0.5,3,1,1,0.999413511734945,0.95354358960146,0.47589550453807505,9.752102617070963e-05
ksweep_k4,o1,pair0.5,0.5,4,1,1,0.8929271102636069,0.523340498662148,0.7344017577950767,0.0008061012046837932
ksweep_k4,o1,pair0.5,0.5,5,1,1,0.9816813951472542,0.9755330430072636,0.9131855354068439,0.00040065106366856827
ksweep_k4,o1,pair0.5,0.5,6,1,1,0.9941350891893328,0.9538256063854615,0.2112038101789644,0.00032869865371985986
ksweep_k4,o1,pair0.5,0.5,7,1,1,0.9553325867549214,0.9739158307555319,0.851921610478285,0.0005925379365947709
ksweep_k4,o1,pair0.5,0.5,8,1,1,0.9976173392354892,0.9885335502067502,0.8608691881978318,0.00024831067900527444
ksweep_k4,o1,pair0.5,0.5,9,1,1,0.9998769516155953,0.796960782572019,0.5771224715986693,0.0001687410110435758
ksweep_k4,o1,pair0.5,0.5,10,1,1,0.9540047355181365,0.6883512921809105,0.3200275429561006,0.0005984524234355085
ksweep_k4,o1,pair0.5,0.5,11,1,1,0.9973780101062175,0.978995372935784,0.8543132063195964,0.00024009407981198183
ksweep_k4,o1,pair0.5,0.5,12,1,1,0.9687696066509736,0.7820579790828743,0.2129139983857945,0.000534921016325739
ksweep_k4,o1,pair0.5,0.5,13,1,1,0.942163040999695,0.8288067515412475,0.8774873590312411,0.0006376462920644599
ksweep_k4,o1,pair0.5,0.5,14,1,1,0.9985088742371006,0.992426385159543,0.8389426325553533,0.00013378170793215308
ksweep_k4,o1,pair0.5,0.5,15,1,1,0.9971313508713529,0.8059600456471683,0.8590032510463238,0.000159867949222521
ksweep_k4,o1,pair0.5,0.5,16,1,1,0.9985047815740814,0.9021184803445172,0.5206907053093246,0.00016100525026053965
ksweep_k4,o1,pair0.5,0.5,17,1,1,0.9796426732207113,0.9856724235532632,0.5589724450823274,0.0004512686035908109
ksweep_k4,o1,pair0.5,0.5,18,1,1,0.9962363490176903,0.9887662218334695,0.43919679611451123,0.00020502765910368297
ksweep_k4,o1,pair0.5,0.5,19,1,1,0.9956364887537575,0.8997623761247597,0.7333550076127635,0.00036664923569722533
ksweep_k4,o2,indep,0.0,0,2,2,7.882583474838611e-15,0.12274842014040965,0.9280346939946283,5.603322772812731e-05
ksweep_k4,o2,indep,0.0,1,2,2,5.0737192225369654e-14,0.8346348095607516,0.8175518206506276,2.2808000675376976e-05
ksweep_k4,o2,indep,0.0,2,2,2,3.097522238704187e-14,0.8014722465664316,0.21309278216393657,1.336346856995148e-05
ksweep_k4,o2,indep,0.0,3,2,2,0.0,0.9252919992279549,0.8308978233026522,1.0383352330634413e-05
ksweep_k4,o2,indep,0.0,4,2,2,1.3322676295501878e-15,0.7218012034827247,0.5603225640869214,2.6301014428924548e-05
ksweep_k4,o2,indep,0.0,5,2,2,1.0946799022804043e-13,0.99574146327039,0.9427189282274983,-2.450104238640866e-06
ksweep_k4,o2,indep,0.0,6,2,2,6.705747068735946e-14,0.9770647436639458,0.5199067337224027,-9.438488792900869e-06
ksweep_k4,o2,indep,0.0,7,2,2,1.0658141036401503e-14,0.9544729843083205,0.5994404320963316,3.076763138119257e-06
ksweep_k4,o2,indep,0.0,8,2,2,9.037215420448774e-14,0.9672442759873261,0.4615111687329059,-6.684908895698888e-07
ksweep_k4,o2,indep,0.0,9,2,2,1.4432899320127035e-15,0.8440098483519796,0.2472459652291239,1.0458483692732006e-05
ksweep_k4,o2,indep,0.0,10,2,2,5.551115123125783e-16,0.658354945896275,0.8263885840321008,1.6265769377699565e-05
ksweep_k4,o2,indep,0.0,11,2,2,1.176836406102666e-14,0.875186513022836,0.781068291908607,1.7038146358438154e-05
ksweep_k4,o2,indep,0.0,12,2,2,1.099120794378905e-14,0.5446860979773985,0.8345260122579887,3.033283738214207e-05
ksweep_k4,o2,indep,0.0,13,2,2,1.8340884366807586e-13,0.7462003813717581,0.8067241630949816,3.150305217335075e-05
ksweep_k4,o2,indep,0.0,14,2,2,2.4091839634365897e-14,0.9484553043683667,0.7271188824086248,4.558931690781852e-06
ksweep_k4,o2,indep,0.0,15,2,2,3.3306690738754696e-16,0.8231195042479919,0.676939216766887,3.730872840423783e-05
ksweep_k4,o2,indep,0.0,16,2,2,4.218847493575595e-15,0.9581984699271998,0.8162725508987078,2.057189625612577e-06
ksweep_k4,o2,indep,0.0,17,2,2,3.5083047578154947e-14,0.8342038638904732,0.8329501813468578,1.1794959861544918e-05
ksweep_k4,o2,indep,0.0,18,2,2,9.536815781530095e-14,0.9427385896780117,0.7920844922578454,5.150384406050037e-06
ksweep_k4,o2,indep,0.0,19,2,2,4.658495811327157e-13,0.7217821235465859,0.34601305365101775,1.4873755190760844e-05
ksweep_k4,o2,indep,0.5,0,2,2,4.911626660941693e-13,0.9781676482607312,0.9043945381143134,0.00010929961938222659
ksweep_k4,o2,indep,0.5,1,2,2,1.13464793116691e-13,0.9978055868411106,0.9619679619114004,1.4759987141484045e-06
ksweep_k4,o2,indep,0.5,2,2,2,1.1102230246251565e-15,0.9223381511881636,0.4268987284410626,0.00018074542494701137
ksweep_k4,o2,indep,0.5,3,2,2,4.0523140398818214e-14,0.9385618219592845,0.6431768861793123,0.00016243437259888486
ksweep_k4,o2,indep,0.5,4,2,2,1.2423395645555502e-13,0.90577404474305,0.8208858173450883,0.00020839084154196312
ksweep_k4,o2,indep,0.5,5,2,2,1.0769163338864018e-14,0.9341782989016855,0.4896108668146907,0.0001726144681384949
ksweep_k4,o2,indep,0.5,6,2,2,1.3566925360919413e-13,0.9358149414918522,0.9166792744426114,0.0001699038943094039
ksweep_k4,o2,indep,0.5,7,2,2,7.66053886991358e-15,0.9901633288972471,0.9693646855796071,7.822273654623727e-05
ksweep_k4,o2,indep,0.5,8,2,2,2.0805579481475434e-13,0.9084688096338775,0.8656555490527091,0.0001897178854375864
ksweep_k4,o2,indep,0.5,9,2,2,3.219646771412954e-15,0.9206652033452885,0.703924022290949,0.00018941152857848554
ksweep_k4,o2,indep,0.5,10,2,2,7.216449660063518e-14,0.9948682449330294,0.8944912045069312,1.6904046843483695e-05
ksweep_k4,o2,indep,0.5,11,2,2,2.5635049638594865e-13,0.9769209732113846,0.33999128213859886,0.00010663498839220137
ksweep_k4,o2,indep,0.5,12,2,2,1.787459069646502e-14,0.8990547830218905,0.8358600478003594,0.00018894809644077646
ksweep_k4,o2,indep,0.5,13,2,2,1.9761969838327786e-14,0.9396809496526918,0.6941361881452152,0.0001667819237332134
ksweep_k4,o2,indep,0.5,14,2,2,3.419486915845482e-14,0.9185671014666172,0.5950944443378807,0.00017085811009343504
ksweep_k4,o2,indep,0.5,15,2,2,1.7430501486614958e-14,0.9445356127965747,0.8779647657789236,0.00016449287412469347
ksweep_k4,o2,indep,0.5,16,2,2,2.1316282072803006e-14,0.9125238953742535,0.5121349694996149,0.00019295495155447883
ksweep_k4,o2,indep,0.5,17,2,2,5.417888360170764e-14,0.9894641470204546,0.7801288117962364,7.927149546892634e-05
ksweep_k4,o2,indep,0.5,18,2,2,8.903988657493755e-14,0.9725674726180151,0.8153264208481619,0.0001345784335873751
ksweep_k4,o2,indep,0.5,19,2,2,2.9753977059954195e-14,0.8330990544973536,0.8679775586844085,0.00023133259373890507
ksweep_k4,o2,pair0.5,0.0,0,2,2,4.04121180963557e-14,0.7890954157887817,0.7632794563166596,1.1587481113527472e-05
ksweep_k4,o2,pair0.5,0.0,1,2,2,4.904965322793942e-13,0.9689957414703354,0.8193695184251426,7.544108985586109e-07
ksweep_k4,o2,pair0.5,0.0,2,2,2,8.548717289613705e-15,0.9849586995226762,0.5056000802591298,-1.1079645563924464e-06
ksweep_k4,o2,pair0.5,0.0,3,2,2,6.328271240363392e-15,0.761898331037569,0.8316804356462391,2.6794083370327512e-05
ksweep_k4,o2,pair0.5,0.0,4,2,2,2.3314683517128287e-14,0.7248793041945734,0.8418406640560618,1.3847857483625766e-05
ksweep_k4,o2,pair0.5,0.0,5,2,2,0.0,0.9042347039630153,0.9340071533096453,7.94221229861967e-06
ksweep_k4,o2,pair0.5,0.0,6,2,2,4.6629367034256575e-15,0.937202249080401,0.11300749987254344,7.343708258274977e-06
ksweep_k4,o2,pair0.5,0.0,7,2,2,4.296563105299356e-14,0.7753395627077618,0.2966043659807549,2.9501594771861815e-05
ksweep_k4,o2,pair0.5,0.0,8,2,2,3.9335201762469296e-13,0.923856517464669,0.4866873515853122,9.497916680041853e-06
ksweep_k4,o2,pair0.5,0.0,9,2,2,6.985523270941485e-13,0.8671251647945567,0.8243767922812466,3.8552134494925376e-05
ksweep_k4,o2,pair0.5,0.0,10,2,2,2.554623179662485e-13,0.6844238367934555,0.5078325251669171,4.5388085855951444e-05
ksweep_k4,o2,pair0.5,0.0,11,2,2,7.427392034742297e-14,0.8608594240736233,0.6759452819493834,1.365323325741679e-05
ksweep_k4,o2,pair0.5,0.0,12,2,2,2.8888003100746573e-13,0.6856329574736548,0.7424913804569967,1.664184871885289e-05
ksweep_k4,o2,pair0.5,0.0,13,2,2,4.440892098500626e-16,0.93840040507168,0.8622154384597297,8.553013660101995e-06
ksweep_k4,o2,pair0.5,0.0,14,2,2,2.4424906541753444e-13,0.9455882941861217,0.6802227724444334,4.88306968816041e-06
ksweep_k4,o2,pair0.5,0.0,15,2,2,1.765254609153999e-14,0.6271306194460117,0.7278011475192812,3.911885884501322e-05
ksweep_k4,o2,pair0.5,0.0,16,2,2,8.804068585277491e-14,0.8611367743658628,0.7456644169281164,1.0682419698786718e-05
ksweep_k4,o2,pair0.5,0.0,17,2,2,3.3084646133829665e-14,0.9047181167762358,0.18891993851403355,1.0278587725268772e-05
ksweep_k4,o2,pair0.5,0.0,18,2,2,1.4432899320127035e-14,0.9772963792633519,0.9126426054187673,-1.1877541314887207e-07
ksweep_k4,o2,pair0.5,0.0,19,2,2,3.235189893757706e-13,0.5221401077340899,0.6748904197772373,4.0300249450507665e-05
ksweep_k4,o2,pair0.5,0.5,0,2,2,1.8984813721090177e-13,0.9993821185430828,0.8194777265215749,-6.750007656138068e-06
ksweep_k4,o2,pair0.5,0.5,1,2,2,9.5679020262196e-13,0.9488671837376155,0.665043020874899,0.00015976329212795667
ksweep_k4,o2,pair0.5,0.5,2,2,2,3.361755318564974e-13,0.9674382028199427,0.7313183394969285,0.00013290368853573241
ksweep_k4,o2,pair0.5,0.5,3,2,2,2.886579864025407e-15,0.9311365880158631,0.4886528190061433,0.00017242166079160478
ksweep_k4,o2,pair0.5,0.5,4,2,2,1.6961987370223142e-12,0.8944823942882404,0.8654719958271314,0.0002092470319692047
ksweep_k4,o2,pair0.5,0.5,5,2,2,6.288303211476887e-13,0.9889678421941498,0.35893868847058163,6.496515394226567e-05
ksweep_k4,o2,pair0.5,0.5,6,2,2,4.296563105299356e-14,0.9384094418580774,0.2850123636974975,0.00016717959047645286
ksweep_k4,o2,pair0.5,0.5,7,2,2,3.708144902248023e-14,0.96590190163174,0.9556407652549438,0.00013057278519505367
ksweep_k4,o2,pair0.5,0.5,8,2,2,5.362377208939506e-14,0.9531231753004396,0.9574650039962583,0.00015293815564197382
ksweep_k4,o2,pair0.5,0.5,9,2,2,3.29847260616134e-13,0.8912242352512878,0.8415718209870264,0.0002090486411373188
ksweep_k4,o2,pair0.5,0.5,10,2,2,1.1213252548714081e-14,0.9910695278032728,0.38182545293906345,5.1197036927236826e-05
ksweep_k4,o2,pair0.5,0.5,11,2,2,5.995204332975845e-15,0.9837896166218929,0.7675999443730532,6.85600642704401e-05
ksweep_k4,o2,pair0.5,0.5,12,2,2,9.254819133275305e-13,0.7640002756006701,0.5777838523141325,0.00030262298969719226
ksweep_k4,o2,pair0.5,0.5,13,2,2,1.7197354651443675e-13,0.9492685171816453,0.8434441180835364,0.00015246093226703344
ksweep_k4,o2,pair0.5,0.5,14,2,2,8.704148513061227e-14,0.729424116357225,0.29738267186046907,0.0003083865613852197
ksweep_k4,o2,pair0.5,0.5,15,2,2,1.9981793997203567e-12,0.95600249952785,0.7874828094111188,0.0001420820448488525
ksweep_k4,o2,pair0.5,0.5,16,2,2,1.27675647831893e-14,0.9953016425488159,0.7891261769887967,7.055434059233702e-05
ksweep_k4,o2,pair0.5,0.5,17,2,2,4.951594689828198e-14,0.970463288941943,0.763609085847337,0.00013045949984858644
ksweep_k4,o2,pair0.5,0.5,18,2,2,1.965094753586527e-14,0.9488101141201705,0.7811030461578671,0.00015582151697093516
ksweep_k4,o2,pair0.5,0.5,19,2,2,2.8421709430404007e-13,0.8606129607493311,0.92176512995467,0.00024005451594366308
ksweep_k4,o3,indep,0.0,0,3,3,5.471179065352771e-13,1.7774670624248756e-13,1.0,0.0
ksweep_k4,o3,indep,0.0,1,3,3,5.692080140562439e-11,4.013172016925637e-10,1.0,0.0
ksweep_k4,o3,indep,0.0,2,3,3,4.569788991659607e-12,4.283803312077339e-10,1.0,0.0
ksweep_k4,o3,indep,0.0,3,3,3,5.81756864903582e-14,4.417577414983498e-13,1.0,0.0
ksweep_k4,o3,indep,0.0,4,3,3,6.853295708708629e-12,1.0781486814437358e-11,1.0,0.0
ksweep_k4,o3,indep,0.0,5,3,3,6.274980535181385e-13,2.7913227285125686e-12,1.0,0.0
ksweep_k4,o3,indep,0.0,6,3,3,5.0741633117468155e-12,5.285194504267565e-11,1.0,0.0
ksweep_k4,o3,indep,0.0,7,3,3,9.444334203578819e-12,4.481826021418556e-11,1.0,0.0
ksweep_k4,o3,indep,0.0,8,3,3,6.573630528805552e-13,1.1256551246674462e-11,1.0,0.0
ksweep_k4,o3,indep,0.0,9,3,3,1.9746426715983034e-12,2.278954802648059e-12,1.0,0.0
ksweep_k4,o3,indep,0.0,10,3,3,9.232836717387727e-12,1.8757995157159257e-11,1.0,0.0
ksweep_k4,o3,indep,0.0,11,3,3,2.5254243141148436e-12,1.743816202548487e-11,1.0,0.0
ksweep_k4,o3,indep,0.0,12,3,3,3.0192515154681132e-12,1.3356871164660333e-11,1.0,0.0
ksweep_k4,o3,indep,0.0,13,3,3,4.773959005888173e-14,7.271849788992313e-12,1.0,0.0
ksweep_k4,o3,indep,0.0,14,3,3,1.2595369192069938e-11,5.63615820681207e-12,1.0,0.0
ksweep_k4,o3,indep,0.0,15,3,3,1.4355183708403274e-13,5.477840403500522e-13,1.0,0.0
ksweep_k4,o3,indep,0.0,16,3,3,1.999511667349907e-13,2.251865360847205e-12,1.0,0.0
ksweep_k4,o3,indep,0.0,17,3,3,2.7083890685730694e-12,3.354871935812298e-12,1.0,0.0
ksweep_k4,o3,indep,0.0,18,3,3,2.3081536681957004e-12,3.297362383136715e-12,1.0,0.0
ksweep_k4,o3,indep,0.0,19,3,3,4.771738559838923e-12,9.468759110120573e-12,1.0,0.0
ksweep_k4,o3,indep,0.5,0,3,3,1.3737011528291987e-11,2.5807134207411764e-12,0.8104159588456774,1.820054004732923e-05
ksweep_k4,o3,indep,0.5,1,3,3,3.0265456807399005e-11,2.1858514998029932e-11,0.9433088812566109,8.04665555126902e-06
ksweep_k4,o3,indep,0.5,2,3,3,1.318856135412716e-11,1.285547224227912e-10,0.7895611446981495,2.3434443303246284e-05
ksweep_k4,o3,indep,0.5,3,3,3,3.6259883984257613e-12,7.803868662392688e-12,0.10831891087533552,3.7664635363647725e-05
ksweep_k4,o3,indep,0.5,4,3,3,1.2498502233171394e-10,1.3186052250091507e-10,0.5027590337030302,0.0001006773451343031
ksweep_k4,o3,indep,0.5,5,3,3,2.9342639429330575e-11,7.963141257505413e-11,0.6107899009767781,4.704965193023447e-05
ksweep_k4,o3,indep,0.5,6,3,3,3.475220111681665e-12,4.341671466789876e-11,0.8217942623362615,1.7561619445169624e-05
ksweep_k4,o3,indep,0.5,7,3,3,2.905031770694677e-11,4.955280630269954e-11,0.5445407395701607,5.002892033995545e-05
ksweep_k4,o3,indep,0.5,8,3,3,1.0924372517706615e-11,1.9800827644189667e-11,0.7009045472068737,2.9490964135963202e-05
ksweep_k4,o3,indep,0.5,9,3,3,9.378053889008697e-13,1.826427897810845e-12,0.8670224012574853,1.006126571600734e-05
ksweep_k4,o3,indep,0.5,10,3,3,2.2130075549853245e-11,1.1252887510693199e-11,0.6606191356072054,2.0441006489476612e-05
ksweep_k4,o3,indep,0.5,11,3,3,1.7880141811588146e-12,2.8138602559124593e-12,0.8091481537134502,2.4393132717684155e-05
ksweep_k4,o3,indep,0.5,12,3,3,1.3437773116464768e-09,6.732620350113905e-09,0.8825141292891289,1.4145269665602358e-05
ksweep_k4,o3,indep,0.5,13,3,3,2.1649348980190553e-13,2.9554136915521667e-12,0.9293468038064245,9.65696957076449e-06
ksweep_k4,o3,indep,0.5,14,3,3,1.7945311903133643e-11,1.1069256622420198e-11,0.752412661736402,1.902036802159212e-05
ksweep_k4,o3,indep,0.5,15,3,3,2.912037277980062e-11,1.3255618824814519e-11,0.09879529415898891,4.118010542858193e-05
ksweep_k4,o3,indep,0.5,16,3,3,1.343480882098902e-12,1.241318159372895e-11,0.5066833414580922,3.817729252750046e-05
ksweep_k4,o3,indep,0.5,17,3,3,5.849432049842562e-12,3.964606420936434e-13,0.7110379175374798,2.5367965189286923e-05
ksweep_k4,o3,indep,0.5,18,3,3,3.4205971388701073e-12,6.946665465079604e-13,0.9518217488008076,7.44383766406309e-06
ksweep_k4,o3,indep,0.5,19,3,3,3.880383792065345e-10,8.707480292358127e-10,0.8374183214531808,1.6127639925677583e-05
ksweep_k4,o3,pair0.5,0.0,0,3,3,1.7974510768681284e-13,1.7782131322974237e-10,1.0,0.0
ksweep_k4,o3,pair0.5,0.0,1,3,3,8.492095915357822e-13,2.5923214463929867e-08,1.0,0.0
ksweep_k4,o3,pair0.5,0.0,2,3,3,5.359046539865631e-13,7.781331134992797e-10,1.0,0.0
ksweep_k4,o3,pair0.5,0.0,3,3,3,6.639133687258436e-14,7.333543772247708e-09,1.0,0.0
ksweep_k4,o3,pair0.5,0.0,4,3,3,1.089017764854816e-12,8.712760513063245e-10,1.0,0.0
ksweep_k4,o3,pair0.5,0.0,5,3,3,5.737632591262809e-13,3.130804837603307e-09,1.0,0.0
ksweep_k4,o3,pair0.5,0.0,6,3,3,3.04076319679325e-10,1.7032737442690404e-09,1.0,0.0
ksweep_k4,o3,pair0.5,0.0,7,3,3,5.448974604860268e-13,1.5653034424190082e-12,1.0,0.0
ksweep_k4,o3,pair0.5,0.0,8,3,3,1.2369694157854383e-10,7.074851815502825e-11,1.0,0.0
ksweep_k4,o3,pair0.5,0.0,9,3,3,1.521738290932717e-11,1.8721990624470664e-10,1.0,0.0
ksweep_k4,o3,pair0.5,0.0,10,3,3,7.836953308526518e-12,1.660730520880449e-07,1.0,0.0
ksweep_k4,o3,pair0.5,0.0,11,3,3,3.32353033982713e-11,1.4439276441180482e-09,1.0,0.0
ksweep_k4,o3,pair0.5,0.0,12,3,3,2.2526425169644426e-13,1.942753602435232e-08,1.0,0.0
ksweep_k4,o3,pair0.5,0.0,13,3,3,7.595701845275471e-12,4.55972481994138e-10,1.0,0.0
ksweep_k4,o3,pair0.5,0.0,14,3,3,3.063105324940807e-13,2.150759015329129e-09,1.0,0.0
ksweep_k4,o3,pair0.5,0.0,15,3,3,2.0770274389292354e-11,3.5409463694513477e-08,1.0,0.0
ksweep_k4,o3,pair0.5,0.0,16,3,3,3.3816838218569956e-11,4.148234644674176e-08,1.0,0.0
ksweep_k4,o3,pair0.5,0.0,17,3,3,1.893862844326577e-11,3.3944221877746372e-09,1.0,0.0
ksweep_k4,o3,pair0.5,0.0,18,3,3,7.019940184704865e-13,5.9563165510923e-10,1.0,0.0
ksweep_k4,o3,pair0.5,0.0,19,3,3,1.6924239787385886e-12,1.4563351524721213e-08,1.0,0.0
ksweep_k4,o3,pair0.5,0.5,0,3,3,1.1680650890966149e-09,4.496316874380568e-09,0.7490092779928457,2.4559172847332577e-05
ksweep_k4,o3,pair0.5,0.5,1,3,3,1.2279066652354231e-13,1.117045789200688e-09,0.8745286488346808,1.4685340168119209e-05
ksweep_k4,o3,pair0.5,0.5,2,3,3,1.574962382733247e-11,1.746537925395586e-08,0.3691130440992789,6.508436550760327e-05
ksweep_k4,o3,pair0.5,0.5,3,3,3,1.4210854715202004e-14,2.7952109782347634e-07,0.6319616967920908,4.526051108983351e-05
ksweep_k4,o3,pair0.5,0.5,4,3,3,2.462474668618597e-13,1.2120915382496378e-10,0.4855001201903586,6.339489781741678e-05
ksweep_k4,o3,pair0.5,0.5,5,3,3,4.584888024794509e-12,4.6795940455979235e-09,0.8179159140631272,2.279070131384916e-05
ksweep_k4,o3,pair0.5,0.5,6,3,3,9.805989353850464e-11,2.667256859822942e-09,0.8518431136173268,1.7399103904116726e-05
ksweep_k4,o3,pair0.5,0.5,7,3,3,1.0078049506034858e-11,1.6287450355090272e-07,0.2988797417905493,4.163559049191313e-05
ksweep_k4,o3,pair0.5,0.5,8,3,3,3.7306824296479135e-12,2.5170077133651603e-10,0.745581247979864,4.30398518021594e-05
ksweep_k4,o3,pair0.5,0.5,9,3,3,1.6418755244274053e-11,5.497167165913197e-10,0.7955761904138196,1.8020742207999284e-05
ksweep_k4,o3,pair0.5,0.5,10,3,3,9.577005855021525e-12,3.2128960603117207e-09,0.500698288041465,4.1327824912894136e-05
ksweep_k4,o3,pair0.5,0.5,11,3,3,6.739275804079625e-12,2.2531286236748826e-07,0.851700874866353,8.513633559200297e-06
ksweep_k4,o3,pair0.5,0.5,12,3,3,2.1914646763931955e-09,6.20862028455349e-10,0.6766121787517907,1.1498374805857663e-05
ksweep_k4,o3,pair0.5,0.5,13,3,3,7.069789198510534e-12,1.3362198347799392e-08,0.9151969116378028,7.783809890121899e-06
ksweep_k4,o3,pair0.5,0.5,14,3,3,1.2872480859016378e-10,5.516271883720947e-10,0.321268954841201,5.175989278822036e-05
ksweep_k4,o3,pair0.5,0.5,15,3,3,3.402411685726747e-11,1.0667370098360607e-08,0.7518516207945383,1.9880706656491968e-05
ksweep_k4,o3,pair0.5,0.5,16,3,3,1.3532730491760958e-11,1.6265027102946306e-09,0.6944311704869451,3.553838433794116e-05
ksweep_k4,o3,pair0.5,0.5,17,3,3,1.502098445627098e-11,1.4774611534207338e-09,0.8174354134896564,1.249736446146982e-05
ksweep_k4,o3,pair0.5,0.5,18,3,3,6.092970572524337e-11,1.096816637513598e-08,0.5304239576799765,8.669918461342988e-05
ksweep_k4,o3,pair0.5,0.5,19,3,3,4.970468481246826e-13,7.56850431216094e-08,0.7537904658436272,2.1149919259520938e-05
ksweep_k4,o4,indep,0.0,0,4,4,0.0,4.263256414560601e-14,1.1812884004314128e-11,
ksweep_k4,o4,indep,0.0,1,4,4,0.0,3.219646771412954e-15,2.7680080449954403e-12,
ksweep_k4,o4,indep,0.0,2,4,4,0.0,1.2434497875801753e-14,1.694200335577989e-13,
ksweep_k4,o4,indep,0.0,3,4,4,0.0,1.1040057756872557e-12,7.753586661607414e-11,
ksweep_k4,o4,indep,0.0,4,4,4,0.0,1.230904267401911e-12,5.361888710808671e-11,
ksweep_k4,o4,indep,0.0,5,4,4,0.0,1.6509016376176078e-13,1.189726095418564e-11,
ksweep_k4,o4,indep,0.0,6,4,4,0.0,3.552713678800501e-15,7.913114608015803e-12,
ksweep_k4,o4,indep,0.0,7,4,4,0.0,5.4289905904170155e-14,3.255949954095172e-10,
ksweep_k4,o4,indep,0.0,8,4,4,0.0,2.19824158875781e-14,8.104628079763643e-15,
ksweep_k4,o4,indep,0.0,9,4,4,0.0,2.142730437526552e-13,6.698752663680807e-12,
ksweep_k4,o4,indep,0.0,10,4,4,0.0,7.216449660063518e-15,1.5054624213917123e-13,
ksweep_k4,o4,indep,0.0,11,4,4,2.220446049250313e-16,9.255807231767221e-11,5.558905558089577e-10,
ksweep_k4,o4,indep,0.0,12,4,4,0.0,1.8278267788218727e-11,6.039213573671987e-11,
ksweep_k4,o4,indep,0.0,13,4,4,0.0,2.220446049250313e-16,3.356204203441848e-13,
ksweep_k4,o4,indep,0.0,14,4,4,0.0,2.7533531010703882e-14,5.8970606175989815e-12,
ksweep_k4,o4,indep,0.0,15,4,4,0.0,8.305467424918334e-12,1.9665424844106383e-10,
ksweep_k4,o4,indep,0.0,16,4,4,6.661338147750939e-16,1.5520917884259688e-13,1.72335590242767e-10,
ksweep_k4,o4,indep,0.0,17,4,4,1.3322676295501878e-15,1.4172440998549973e-11,2.5286439608862565e-12,
ksweep_k4,o4,indep,0.0,18,4,4,0.0,4.3415038231131575e-10,4.658236574250907e-09,
ksweep_k4,o4,indep,0.0,19,4,4,0.0,3.818279026290838e-12,4.458222679915025e-11,
ksweep_k4,o4,indep,0.5,0,4,4,7.648326416642703e-13,3.906874823655926e-13,1.4929835145949255e-11,
ksweep_k4,o4,indep,0.5,1,4,4,9.2148511043888e-15,5.863864949162689e-12,1.0022449536961631e-10,
ksweep_k4,o4,indep,0.5,2,4,4,3.3306690738754696e-16,1.1213252548714081e-14,5.184741524999481e-14,
ksweep_k4,o4,indep,0.5,3,4,4,3.3306690738754696e-16,1.0673240069536405e-11,1.621824896602675e-11,
ksweep_k4,o4,indep,0.5,4,4,4,9.181544413650045e-14,2.0026202918188574e-12,8.422007535813236e-11,
ksweep_k4,o4,indep,0.5,5,4,4,1.602051824534101e-13,1.3433809620266857e-11,2.4438229218048946e-12,
ksweep_k4,o4,indep,0.5,6,4,4,9.880984919163893e-15,6.0285110237146e-14,6.534217611431359e-12,
ksweep_k4,o4,indep,0.5,7,4,4,4.107825191113079e-15,1.002864458143904e-12,5.4083404421589876e-12,
ksweep_k4,o4,indep,0.5,8,4,4,1.3522516439934407e-13,7.94031507211912e-13,4.604708836453142e-10,
ksweep_k4,o4,indep,0.5,9,4,4,2.0393575717037038e-11,1.5051293544843247e-12,4.0535130807484165e-11,
ksweep_k4,o4,indep,0.5,10,4,4,4.3298697960381105e-15,4.93050045236032e-13,1.6184942275287995e-11,
ksweep_k4,o4,indep,0.5,11,4,4,0.0,8.637535131583718e-13,3.980005214287985e-11,
ksweep_k4,o4,indep,0.5,12,4,4,5.440092820663267e-14,5.321187934725913e-12,3.3981573110963836e-10,
ksweep_k4,o4,indep,0.5,13,4,4,8.593126210598712e-14,1.0951239914902544e-12,1.4299006423357241e-11,
ksweep_k4,o4,indep,0.5,14,4,4,1.7763568394002505e-15,2.4091839634365897e-14,1.7763568394002505e-15,
ksweep_k4,o4,indep,0.5,15,4,4,4.951594689828198e-14,4.5632386758143184e-12,9.416911694870578e-13,
ksweep_k4,o4,indep,0.5,16,4,4,5.551115123125783e-15,5.027311900107634e-12,1.0361822511129049e-11,
ksweep_k4,o4,indep,0.5,17,4,4,9.14823772291129e-14,2.8754776337791554e-13,2.096511853011407e-11,
ksweep_k4,o4,indep,0.5,18,4,4,6.702050026063944e-11,6.2441163350968054e-12,7.700173831892698e-12,
ksweep_k4,o4,indep,0.5,19,4,4,3.3306690738754696e-15,2.5834889783027393e-13,6.463951596202833e-11,
ksweep_k4,o4,pair0.5,0.0,0,4,4,0.0,3.0309088572266774e-14,2.2211963712770455e-08,
ksweep_k4,o4,pair0.5,0.0,1,4,4,1.1102230246251565e-16,4.3298697960381105e-14,4.7074586451145706e-09,
ksweep_k4,o4,pair0.5,0.0,2,4,4,0.0,1.3803402865164571e-12,3.625241107307886e-08,
ksweep_k4,o4,pair0.5,0.0,3,4,4,0.0,3.4819924721318785e-12,3.2611050924113982e-06,
ksweep_k4,o4,pair0.5,0.0,4,4,4,1.6486811915683575e-13,9.518340560177307e-10,6.835450373876562e-05,
ksweep_k4,o4,pair0.5,0.0,5,4,4,0.0,8.72413252750448e-13,3.9971523868587155e-09,
ksweep_k4,o4,pair0.5,0.0,6,4,4,0.0,4.107165718636452e-10,2.52406994083465e-07,
ksweep_k4,o4,pair0.5,0.0,7,4,4,6.727951529228449e-14,2.7255975254547593e-13,3.480928861820942e-06,
ksweep_k4,o4,pair0.5,0.0,8,4,4,0.0,1.48956402767908e-11,2.5142168247338503e-07,
ksweep_k4,o4,pair0.5,0.0,9,4,4,8.804068585277491e-14,2.3204216326178084e-10,7.110409487864899e-07,
ksweep_k4,o4,pair0.5,0.0,10,4,4,1.1102230246251565e-16,4.29101199017623e-13,1.3942742616013248e-07,
ksweep_k4,o4,pair0.5,0.0,11,4,4,4.440892098500626e-16,2.066447346571465e-09,2.568406890945951e-06,
ksweep_k4,o4,pair0.5,0.0,12,4,4,4.218847493575595e-15,1.37813982448165e-10,7.1359023402495225e-06,
ksweep_k4,o4,pair0.5,0.0,13,4,4,0.0,2.0749624241034326e-11,6.47369710726764e-07,
ksweep_k4,o4,pair0.5,0.0,14,4,4,0.0,1.1746159600534156e-13,3.492095967949638e-08,
ksweep_k4,o4,pair0.5,0.0,15,4,4,0.0,5.4319992948137497e-11,6.390214457585586e-08,
ksweep_k4,o4,pair0.5,0.0,16,4,4,3.863576125695545e-14,2.491180595143305e-10,2.2840976610094543e-06,
ksweep_k4,o4,pair0.5,0.0,17,4,4,0.0,4.115707774587918e-12,7.782383426579997e-08,
ksweep_k4,o4,pair0.5,0.0,18,4,4,0.0,1.7038592758922277e-12,2.9110061250392505e-08,
ksweep_k4,o4,pair0.5,0.0,19,4,4,0.0,1.6415757642107565e-12,2.4106999817474772e-06,
ksweep_k4,o4,pair0.5,0.5,0,4,4,7.549516567451064e-15,1.6720402840064708e-11,3.6181957547842813e-06,
ksweep_k4,o4,pair0.5,0.5,1,4,4,3.275157922644212e-14,2.0197488126427743e-10,2.42249326276589e-06,
ksweep_k4,o4,pair0.5,0.5,2,4,4,4.440892098500626e-16,5.808686864838819e-12,1.795634951839986e-08,
ksweep_k4,o4,pair0.5,0.5,3,4,4,4.241051954068098e-14,9.310618942492965e-11,7.165983508805596e-07,
ksweep_k4,o4,pair0.5,0.5,4,4,4,7.771561172376096e-15,7.16093850883226e-14,1.1748653007126464e-06,
ksweep_k4,o4,pair0.5,0.5,5,4,4,3.697042672001771e-14,8.862910405582625e-12,5.366522101812876e-06,
ksweep_k4,o4,pair0.5,0.5,6,4,4,1.5654144647214707e-13,1.1403322730529908e-10,2.95252366444565e-07,
ksweep_k4,o4,pair0.5,0.5,7,4,4,4.773959005888173e-15,4.875511105950636e-10,2.027789673064717e-06,
ksweep_k4,o4,pair0.5,0.5,8,4,4,2.886579864025407e-15,2.035038804137912e-12,1.212262110783513e-05,
ksweep_k4,o4,pair0.5,0.5,9,4,4,8.326672684688674e-15,1.308397834520747e-12,1.8123868072983385e-07,
ksweep_k4,o4,pair0.5,0.5,10,4,4,1.7996715229173788e-12,5.746758624525228e-11,1.010678087109973e-05,
ksweep_k4,o4,pair0.5,0.5,11,4,4,2.275957200481571e-14,2.0875408068832257e-09,5.426818028286817e-06,
ksweep_k4,o4,pair0.5,0.5,12,4,4,2.7755575615628914e-13,3.4488523148468175e-11,1.3525808896241998e-06,
ksweep_k4,o4,pair0.5,0.5,13,4,4,2.433608869978343e-13,1.4366918765773562e-10,8.609855279728684e-06,
ksweep_k4,o4,pair0.5,0.5,14,4,4,2.0095036745715333e-14,2.1589396936860794e-12,7.851672600978077e-08,
ksweep_k4,o4,pair0.5,0.5,15,4,4,0.0,2.250977182427505e-12,5.779504630432086e-08,
ksweep_k4,o4,pair0.5,0.5,16,4,4,8.43769498715119e-15,1.2891687717342393e-11,2.1769058962117782e-06,
ksweep_k4,o4,pair0.5,0.5,17,4,4,6.17284001691587e-14,9.211742479919849e-12,1.5369575712131933e-07,
ksweep_k4,o4,pair0.5,0.5,18,4,4,1.4832579608992091e-13,2.156008704901069e-11,4.30757484126687e-08,
ksweep_k4,o4,pair0.5,0.5,19,4,4,1.142419492339286e-13,3.5254105190674068e-09,1.095791913430233e-06,
ksweep_k4,o4mix,indep,0.0,0,4,4,9.370282327836321e-14,1.3759327011086953e-11,4.0276559865048966e-11,
ksweep_k4,o4mix,indep,0.0,1,4,4,3.287703442822476e-12,1.7365805904390186e-08,1.1561218649092098e-08,
ksweep_k4,o4mix,indep,0.0,2,4,4,7.454037387333301e-13,2.45928233333359e-09,3.675331966546125e-07,
ksweep_k4,o4mix,indep,0.0,3,4,4,4.3498538104813633e-13,9.159766445332451e-08,3.1296800262481383e-07,
ksweep_k4,o4mix,indep,0.0,4,4,4,9.801048861390882e-13,1.419543371738996e-10,6.061955382108408e-10,
ksweep_k4,o4mix,indep,0.0,5,4,4,3.5784708529718046e-12,7.373079924377635e-11,2.487177130916507e-10,
ksweep_k4,o4mix,indep,0.0,6,4,4,1.4788170688007085e-13,6.122469198288627e-11,2.2109758468502605e-11,
ksweep_k4,o4mix,indep,0.0,7,4,4,9.880984919163893e-15,3.9093939196988003e-10,1.504015134656811e-09,
ksweep_k4,o4mix,indep,0.0,8,4,4,7.538414337204813e-14,4.073243964342055e-10,4.678687437476015e-10,
ksweep_k4,o4mix,indep,0.0,9,4,4,9.547918011776346e-15,3.1818991885756986e-13,2.3135937610163637e-12,
ksweep_k4,o4mix,indep,0.0,10,4,4,7.535083668130937e-13,2.0678039724941755e-08,1.0426763008553053e-08,
ksweep_k4,o4mix,indep,0.0,11,4,4,1.4492851363456793e-12,1.4101539935751362e-09,3.684218485844326e-10,
ksweep_k4,o4mix,indep,0.0,12,4,4,3.0585534105398438e-12,1.33486777187386e-09,2.456518766180693e-09,
ksweep_k4,o4mix,indep,0.0,13,4,4,2.115674302416437e-11,7.467224616419799e-10,5.356466714623309e-09,
ksweep_k4,o4mix,indep,0.0,14,4,4,9.857670235646765e-13,4.2876813211023546e-13,1.5687340315651e-11,
ksweep_k4,o4mix,indep,0.0,15,4,4,1.2220224832049098e-12,1.8334213036652613e-09,9.328642081030125e-09,
ksweep_k4,o4mix,indep,0.0,16,4,4,6.63358257213531e-13,4.95012364432057e-10,1.0357692481477443e-10,
ksweep_k4,o4mix,indep,0.0,17,4,4,5.4511950509095186e-14,8.125697892324979e-10,1.4014018834274111e-09,
ksweep_k4,o4mix,indep,0.0,18,4,4,2.6645352591003757e-15,3.2130454963308352e-09,6.207551139780776e-10,
ksweep_k4,o4mix,indep,0.0,19,4,4,5.248024237403115e-13,6.344382019740635e-09,2.1195118993233564e-09,
ksweep_k4,o4mix,indep,0.5,0,4,4,2.6026958366287545e-12,3.999741948756963e-08,2.4286048727617526e-08,
ksweep_k4,o4mix,indep,0.5,1,4,4,6.283862319378386e-14,1.6028198657203063e-08,1.4105490997451398e-08,
ksweep_k4,o4mix,indep,0.5,2,4,4,1.270095140171179e-12,2.1291295060343884e-08,4.2221055429614296e-08,
ksweep_k4,o4mix,indep,0.5,3,4,4,1.2678635918916825e-11,5.122966384440986e-09,4.264935071773834e-09,
ksweep_k4,o4mix,indep,0.5,4,4,4,2.403632848313464e-13,1.0652977278091669e-08,2.098491358459853e-08,
ksweep_k4,o4mix,indep,0.5,5,4,4,3.1693536683974344e-12,1.8108294863594665e-09,8.146599617120387e-09,
ksweep_k4,o4mix,indep,0.5,6,4,4,5.784261958297066e-14,3.2043850128893325e-08,2.8738659785254583e-08,
ksweep_k4,o4mix,indep,0.5,7,4,4,2.1094237467877974e-14,1.8089196807125063e-11,2.723083980527008e-10,
ksweep_k4,o4mix,indep,0.5,8,4,4,1.5543122344752192e-15,3.1626469221279763e-09,6.13510708902254e-09,
ksweep_k4,o4mix,indep,0.5,9,4,4,1.0680345496894006e-13,4.6397607977866073e-10,1.6977489414315983e-09,
ksweep_k4,o4mix,indep,0.5,10,4,4,1.798761140037186e-11,5.1850686300092264e-08,3.2115026527002044e-08,
ksweep_k4,o4mix,indep,0.5,11,4,4,1.8307577676068831e-13,5.718303608404085e-11,3.258382452742126e-11,
ksweep_k4,o4mix,indep,0.5,12,4,4,2.4558133304708463e-13,5.5306862423165626e-09,1.3528945075336196e-08,
ksweep_k4,o4mix,indep,0.5,13,4,4,4.568567746332519e-13,2.6047275447638185e-11,7.740841301284718e-11,
ksweep_k4,o4mix,indep,0.5,14,4,4,3.1458835536568586e-11,1.5227270555584482e-09,1.000759808356122e-09,
ksweep_k4,o4mix,indep,0.5,15,4,4,2.5779378631796135e-13,1.1716613013135202e-08,3.28481863931529e-08,
ksweep_k4,o4mix,indep,0.5,16,4,4,3.6193270602780103e-14,5.755358412073974e-10,1.3050085456711713e-09,
ksweep_k4,o4mix,indep,0.5,17,4,4,3.885780586188048e-15,1.0125267291272166e-10,2.9921775057673017e-09,
ksweep_k4,o4mix,indep,0.5,18,4,4,3.402833570476105e-13,3.201048404122275e-08,5.532524094409297e-08,
ksweep_k4,o4mix,indep,0.5,19,4,4,6.225131521375715e-12,4.345802606664506e-10,3.2408076222623095e-10,
ksweep_k4,o4mix,pair0.5,0.0,0,4,4,1.9048762567308586e-11,3.3637416518850216e-08,1.4563541990142426e-06,
ksweep_k4,o4mix,pair0.5,0.0,1,4,4,2.325917236589703e-13,3.501532397365281e-10,1.2795468062876125e-07,
ksweep_k4,o4mix,pair0.5,0.0,2,4,4,2.383648833870211e-13,4.920854834722377e-10,1.1102787023098415e-08,
ksweep_k4,o4mix,pair0.5,0.0,3,4,4,1.3089529460330596e-13,2.2195031590399594e-08,3.812880662090734e-06,
ksweep_k4,o4mix,pair0.5,0.0,4,4,4,3.198608045096307e-11,2.885522487616754e-09,1.7265513463371462e-09,
ksweep_k4,o4mix,pair0.5,0.0,5,4,4,6.740163982499325e-13,9.770350084536972e-10,3.424732359924576e-07,
ksweep_k4,o4mix,pair0.5,0.0,6,4,4,2.611244553918368e-13,3.4125621106717574e-08,1.592288018104071e-07,
ksweep_k4,o4mix,pair0.5,0.0,7,4,4,1.727651355309945e-11,3.3707081570355513e-09,1.0906100467167335e-09,
ksweep_k4,o4mix,pair0.5,0.0,8,4,4,1.3637646567588035e-11,9.640954701239934e-12,1.7183524059216637e-07,
ksweep_k4,o4mix,pair0.5,0.0,9,4,4,1.0436096431476471e-14,5.493538957068722e-11,1.5969159594675375e-07,
ksweep_k4,o4mix,pair0.5,0.0,10,4,4,9.891021335306505e-11,9.313237803176833e-08,9.530159472692645e-08,
ksweep_k4,o4mix,pair0.5,0.0,11,4,4,8.382183835919932e-14,1.9727171007843936e-09,9.263179245877495e-08,
ksweep_k4,o4mix,pair0.5,0.0,12,4,4,5.278000259067994e-13,8.1900661474954e-08,2.8497546655792405e-08,
ksweep_k4,o4mix,pair0.5,0.0,13,4,4,6.769029781139579e-13,1.1212570871776961e-09,7.693773824701822e-07,
ksweep_k4,o4mix,pair0.5,0.0,14,4,4,9.102385511994271e-12,6.282460107698284e-10,9.821301319656861e-06,
ksweep_k4,o4mix,pair0.5,0.0,15,4,4,6.6106009555255696e-12,2.1483940182420724e-08,1.8824873348366467e-05,
ksweep_k4,o4mix,pair0.5,0.0,16,4,4,5.64059909891057e-12,1.089290560229994e-05,1.3360974525755687e-05,
ksweep_k4,o4mix,pair0.5,0.0,17,4,4,3.220756994437579e-13,2.6308955014542335e-10,1.3963613487710802e-08,
ksweep_k4,o4mix,pair0.5,0.0,18,4,4,6.591949208711867e-12,6.409517139260856e-09,6.973797413434291e-06,
ksweep_k4,o4mix,pair0.5,0.0,19,4,4,2.353672812205332e-14,2.683185451601844e-09,7.92190918419422e-08,
ksweep_k4,o4mix,pair0.5,0.5,0,4,4,2.466915560717098e-13,1.9339311263522063e-09,1.1302795880685501e-05,
ksweep_k4,o4mix,pair0.5,0.5,1,4,4,4.94770890924201e-12,1.8778347765646686e-09,6.701752541804495e-08,
ksweep_k4,o4mix,pair0.5,0.5,2,4,4,6.544098596350523e-12,6.508151462192302e-09,8.936624076305577e-07,
ksweep_k4,o4mix,pair0.5,0.5,3,4,4,3.7405190056460924e-11,1.663676703289596e-06,4.1002255624089656e-07,
ksweep_k4,o4mix,pair0.5,0.5,4,4,4,2.3348989408589205e-11,5.012189663311517e-09,1.6199733887667378e-08,
ksweep_k4,o4mix,pair0.5,0.5,5,4,4,2.9753977059954195e-13,1.1221830131802335e-09,3.133670756216844e-08,
ksweep_k4,o4mix,pair0.5,0.5,6,4,4,2.6728619317850644e-12,1.4589052188540563e-10,4.0247319588182506e-08,
ksweep_k4,o4mix,pair0.5,0.5,7,4,4,5.511878731212505e-10,1.5151236443244898e-07,3.9637714221996134e-09,
ksweep_k4,o4mix,pair0.5,0.5,8,4,4,1.3564704914870163e-12,3.135374737617269e-09,6.0958824856793825e-06,
ksweep_k4,o4mix,pair0.5,0.5,9,4,4,6.581402089977928e-13,1.862376353134465e-08,1.2088838152735093e-08,
ksweep_k4,o4mix,pair0.5,0.5,10,4,4,6.301070776260076e-12,5.177191786387425e-09,1.0473667798605035e-06,
ksweep_k4,o4mix,pair0.5,0.5,11,4,4,5.359046539865631e-13,3.9939385132470306e-11,1.1036758951199488e-08,
ksweep_k4,o4mix,pair0.5,0.5,12,4,4,3.574474050083154e-11,3.475186804990926e-11,7.626880658140323e-07,
ksweep_k4,o4mix,pair0.5,0.5,13,4,4,8.193445921733655e-14,1.311485253729927e-09,3.242646706702601e-08,
ksweep_k4,o4mix,pair0.5,0.5,14,4,4,5.215938791991448e-12,3.576131502036617e-09,5.791620294459676e-09,
ksweep_k4,o4mix,pair0.5,0.5,15,4,4,5.029310301551959e-13,4.958289334666688e-11,4.789044827369082e-09,
ksweep_k4,o4mix,pair0.5,0.5,16,4,4,3.574252005478229e-12,7.340361651841931e-10,1.0300603225932292e-07,
ksweep_k4,o4mix,pair0.5,0.5,17,4,4,2.3869795029440866e-14,6.594685353356056e-09,4.5056519515362936e-08,
ksweep_k4,o4mix,pair0.5,0.5,18,4,4,5.980771433655718e-13,1.6772332411818525e-09,6.900031546130947e-09,
ksweep_k4,o4mix,pair0.5,0.5,19,4,4,2.11131112592966e-12,8.133452800151986e-09,2.1906914273506217e-05,
