sigma,rep,khat_aic,khat_bic
1.0,0,3,3
1.0,1,3,3
1.0,2,3,3
1.0,3,3,3
1.0,4,3,3
1.0,5,3,3
1.0,6,3,3
1.0,7,3,3
1.0,8,3,3
1.0,9,3,3
1.0,10,3,3
1.0,11,3,3
1.0,12,3,3
1.0,13,3,3
1.0,14,3,3
1.0,15,3,3
1.0,16,3,3
1.0,17,3,3
1.0,18,3,3
1.0,19,3,3
1.5,0,3,3
1.5,1,3,3
1.5,2,3,3
1.5,3,3,3
1.5,4,3,3
1.5,5,3,3
1.5,6,3,3
1.5,7,3,3
1.5,8,3,3
1.5,9,3,3
1.5,10,3,3
1.5,11,3,3
1.5,12,3,3
1.5,13,3,3
1.5,14,3,3
1.5,15,3,3
1.5,16,3,3
1.5,17,3,3
1.5,18,3,3
1.5,19,3,3
2.0,0,3,3
2.0,1,3,3
2.0,2,3,3
2.0,3,3,3
2.0,4,3,3
2.0,5,3,3
2.0,6,3,3
2.0,7,3,3
2.0,8,3,3
2.0,9,3,3
2.0,10,3,3
2.0,11,3,3
2.0,12,3,3
2.0,13,3,3
2.0,14,3,3
2.0,15,3,3
2.0,16,3,3
2.0,17,3,3
2.0,18,3,3
2.0,19,3,3
2.5,0,3,3
2.5,1,3,3
2.5,2,3,3
2.5,3,3,3
2.5,4,3,3
2.5,5,3,3
2.5,6,3,2
2.5,7,3,3
2.5,8,3,3
2.5,9,3,3
2.5,10,3,3
2.5,11,3,3
2.5,12,3,2
2.5,13,3,3
2.5,14,3,3
2.5,15,3,3
2.5,16,3,3
2.5,17,3,2
2.5,18,3,3
2.5,19,3,3
3.0,0,3,2
3.0,1,3,3
3.0,2,3,3
3.0,3,3,3
3.0,4,3,3
3.0,5,3,3
3.0,6,3,3
3.0,7,3,3
3.0,8,3,3
3.0,9,3,2
3.0,10,3,3
3.0,11,3,3
3.0,12,3,3
3.0,13,3,3
3.0,14,3,2
3.0,15,3,3
3.0,16,3,3
3.0,17,3,2
3.0,18,3,3
3.0,19,3,3
