dgp,dependence,sigma,rep,true_order,khat_sweep,khat_aic,khat_bic
o1,indep,0.0,0,1,1,3,3
o1,indep,0.0,1,1,1,3,2
o1,indep,0.0,2,1,1,2,2
o1,indep,0.0,3,1,1,3,3
o1,indep,0.0,4,1,1,3,2
o1,indep,0.0,5,1,1,3,1
o1,indep,0.0,6,1,1,3,2
o1,indep,0.0,7,1,1,3,2
o1,indep,0.0,8,1,1,3,1
o1,indep,0.0,9,1,1,3,1
o1,indep,0.0,10,1,1,3,1
o1,indep,0.0,11,1,1,3,2
o1,indep,0.0,12,1,1,3,1
o1,indep,0.0,13,1,1,3,2
o1,indep,0.0,14,1,1,3,1
o1,indep,0.0,15,1,1,2,1
o1,indep,0.0,16,1,1,3,3
o1,indep,0.0,17,1,1,3,1
o1,indep,0.0,18,1,1,3,2
o1,indep,0.0,19,1,1,3,2
o1,indep,0.5,0,1,1,1,1
o1,indep,0.5,1,1,1,1,1
o1,indep,0.5,2,1,1,1,1
o1,indep,0.5,3,1,1,1,1
o1,indep,0.5,4,1,1,1,1
o1,indep,0.5,5,1,1,2,1
o1,indep,0.5,6,1,1,2,1
o1,indep,0.5,7,1,1,1,1
o1,indep,0.5,8,1,1,1,1
o1,indep,0.5,9,1,1,2,1
o1,indep,0.5,10,1,1,1,1
o1,indep,0.5,11,1,1,1,1
o1,indep,0.5,12,1,1,2,1
o1,indep,0.5,13,1,1,1,1
o1,indep,0.5,14,1,1,1,1
o1,indep,0.5,15,1,1,1,1
o1,indep,0.5,16,1,1,1,1
o1,indep,0.5,17,1,1,1,1
o1,indep,0.5,18,1,1,1,1
o1,indep,0.5,19,1,1,1,1
o1,pair0.5,0.0,0,1,1,3,1
o1,pair0.5,0.0,1,1,1,2,1
o1,pair0.5,0.0,2,1,1,3,1
o1,pair0.5,0.0,3,1,1,3,1
o1,pair0.5,0.0,4,1,1,3,3
o1,pair0.5,0.0,5,1,1,3,1
o1,pair0.5,0.0,6,1,1,2,2
o1,pair0.5,0.0,7,1,1,3,1
o1,pair0.5,0.0,8,1,1,2,2
o1,pair0.5,0.0,9,1,1,3,2
o1,pair0.5,0.0,10,1,1,3,1
o1,pair0.5,0.0,11,1,1,3,1
o1,pair0.5,0.0,12,1,1,3,2
o1,pair0.5,0.0,13,1,1,3,1
o1,pair0.5,0.0,14,1,1,3,2
o1,pair0.5,0.0,15,1,1,2,2
o1,pair0.5,0.0,16,1,1,3,1
o1,pair0.5,0.0,17,1,1,3,3
o1,pair0.5,0.0,18,1,1,3,2
o1,pair0.5,0.0,19,1,1,3,1
o1,pair0.5,0.5,0,1,1,1,1
o1,pair0.5,0.5,1,1,1,1,1
o1,pair0.5,0.5,2,1,1,1,1
o1,pair0.5,0.5,3,1,1,1,1
o1,pair0.5,0.5,4,1,1,1,1
o1,pair0.5,0.5,5,1,1,1,1
o1,pair0.5,0.5,6,1,1,1,1
o1,pair0.5,0.5,7,1,1,1,1
o1,pair0.5,0.5,8,1,1,1,1
o1,pair0.5,0.5,9,1,1,1,1
o1,pair0.5,0.5,10,1,1,1,1
o1,pair0.5,0.5,11,1,1,1,1
o1,pair0.5,0.5,12,1,1,1,1
o1,pair0.5,0.5,13,1,1,1,1
o1,pair0.5,0.5,14,1,1,1,1
o1,pair0.5,0.5,15,1,1,1,1
o1,pair0.5,0.5,16,1,1,1,1
o1,pair0.5,0.5,17,1,1,1,1
o1,pair0.5,0.5,18,1,1,1,1
o1,pair0.5,0.5,19,1,1,1,1
o1,pair0.9,0.0,0,1,1,3,1
o1,pair0.9,0.0,1,1,1,3,2
o1,pair0.9,0.0,2,1,1,3,2
o1,pair0.9,0.0,3,1,1,2,1
o1,pair0.9,0.0,4,1,1,3,1
o1,pair0.9,0.0,5,1,1,3,1
o1,pair0.9,0.0,6,1,1,3,1
o1,pair0.9,0.0,7,1,1,3,1
o1,pair0.9,0.0,8,1,1,3,3
o1,pair0.9,0.0,9,1,1,3,2
o1,pair0.9,0.0,10,1,1,3,1
o1,pair0.9,0.0,11,1,1,3,2
o1,pair0.9,0.0,12,1,1,3,1
o1,pair0.9,0.0,13,1,1,3,2
o1,pair0.9,0.0,14,1,1,3,3
o1,pair0.9,0.0,15,1,1,2,1
o1,pair0.9,0.0,16,1,1,2,1
o1,pair0.9,0.0,17,1,1,2,2
o1,pair0.9,0.0,18,1,1,3,1
o1,pair0.9,0.0,19,1,1,2,1
o1,pair0.9,0.5,0,1,1,1,1
o1,pair0.9,0.5,1,1,1,1,1
o1,pair0.9,0.5,2,1,1,1,1
o1,pair0.9,0.5,3,1,1,1,1
o1,pair0.9,0.5,4,1,1,1,1
o1,pair0.9,0.5,5,1,1,1,1
o1,pair0.9,0.5,6,1,1,1,1
o1,pair0.9,0.5,7,1,1,1,1
o1,pair0.9,0.5,8,1,1,1,1
o1,pair0.9,0.5,9,1,1,2,1
o1,pair0.9,0.5,10,1,1,1,1
o1,pair0.9,0.5,11,1,1,1,1
o1,pair0.9,0.5,12,1,1,1,1
o1,pair0.9,0.5,13,1,1,1,1
o1,pair0.9,0.5,14,1,1,1,1
o1,pair0.9,0.5,15,1,1,1,1
o1,pair0.9,0.5,16,1,1,1,1
o1,pair0.9,0.5,17,1,1,1,1
o1,pair0.9,0.5,18,1,1,1,1
o1,pair0.9,0.5,19,1,1,1,1
o1,equi0.5,0.0,0,1,1,3,1
o1,equi0.5,0.0,1,1,1,2,2
o1,equi0.5,0.0,2,1,1,3,2
o1,equi0.5,0.0,3,1,1,3,2
o1,equi0.5,0.0,4,1,1,2,1
o1,equi0.5,0.0,5,1,1,3,2
o1,equi0.5,0.0,6,1,1,3,1
o1,equi0.5,0.0,7,1,1,3,2
o1,equi0.5,0.0,8,1,1,3,1
o1,equi0.5,0.0,9,1,1,3,2
o1,equi0.5,0.0,10,1,1,1,1
o1,equi0.5,0.0,11,1,1,3,2
o1,equi0.5,0.0,12,1,1,3,2
o1,equi0.5,0.0,13,1,1,3,3
o1,equi0.5,0.0,14,1,1,3,2
o1,equi0.5,0.0,15,1,1,3,2
o1,equi0.5,0.0,16,1,1,3,1
o1,equi0.5,0.0,17,1,1,3,2
o1,equi0.5,0.0,18,1,1,2,1
o1,equi0.5,0.0,19,1,1,2,1
o1,equi0.5,0.5,0,1,1,1,1
o1,equi0.5,0.5,1,1,1,1,1
o1,equi0.5,0.5,2,1,1,1,1
o1,equi0.5,0.5,3,1,1,1,1
o1,equi0.5,0.5,4,1,1,1,1
o1,equi0.5,0.5,5,1,1,1,1
o1,equi0.5,0.5,6,1,1,1,1
o1,equi0.5,0.5,7,1,1,1,1
o1,equi0.5,0.5,8,1,1,1,1
o1,equi0.5,0.5,9,1,1,1,1
o1,equi0.5,0.5,10,1,1,1,1
o1,equi0.5,0.5,11,1,1,1,1
o1,equi0.5,0.5,12,1,1,1,1
o1,equi0.5,0.5,13,1,1,2,1
o1,equi0.5,0.5,14,1,1,1,1
o1,equi0.5,0.5,15,1,1,1,1
o1,equi0.5,0.5,16,1,1,1,1
o1,equi0.5,0.5,17,1,1,1,1
o1,equi0.5,0.5,18,1,1,1,1
o1,equi0.5,0.5,19,1,1,1,1
o2,indep,0.0,0,2,2,3,2
o2,indep,0.0,1,2,2,3,2
o2,indep,0.0,2,2,2,3,2
o2,indep,0.0,3,2,2,3,2
o2,indep,0.0,4,2,2,3,2
o2,indep,0.0,5,2,2,3,2
o2,indep,0.0,6,2,2,3,2
o2,indep,0.0,7,2,2,3,2
o2,indep,0.0,8,2,2,3,2
o2,indep,0.0,9,2,2,3,2
o2,indep,0.0,10,2,2,3,3
o2,indep,0.0,11,2,2,3,2
o2,indep,0.0,12,2,2,3,3
o2,indep,0.0,13,2,2,3,2
o2,indep,0.0,14,2,2,3,2
o2,indep,0.0,15,2,2,3,3
o2,indep,0.0,16,2,2,3,2
o2,indep,0.0,17,2,2,3,2
o2,indep,0.0,18,2,2,2,2
o2,indep,0.0,19,2,2,3,3
o2,indep,0.5,0,2,2,2,2
o2,indep,0.5,1,2,2,2,2
o2,indep,0.5,2,2,2,2,2
o2,indep,0.5,3,2,2,2,2
o2,indep,0.5,4,2,2,2,2
o2,indep,0.5,5,2,2,2,2
o2,indep,0.5,6,2,2,2,2
o2,indep,0.5,7,2,2,2,2
o2,indep,0.5,8,2,2,2,2
o2,indep,0.5,9,2,2,2,2
o2,indep,0.5,10,2,2,2,2
o2,indep,0.5,11,2,2,2,2
o2,indep,0.5,12,2,2,2,2
o2,indep,0.5,13,2,2,2,2
o2,indep,0.5,14,2,2,3,2
o2,indep,0.5,15,2,2,2,2
o2,indep,0.5,16,2,2,3,2
o2,indep,0.5,17,2,2,2,2
o2,indep,0.5,18,2,2,2,2
o2,indep,0.5,19,2,2,2,2
o2,pair0.5,0.0,0,2,2,3,2
o2,pair0.5,0.0,1,2,2,2,2
o2,pair0.5,0.0,2,2,2,2,2
o2,pair0.5,0.0,3,2,2,3,2
o2,pair0.5,0.0,4,2,2,2,2
o2,pair0.5,0.0,5,2,2,3,3
o2,pair0.5,0.0,6,2,2,3,3
o2,pair0.5,0.0,7,2,2,2,2
o2,pair0.5,0.0,8,2,2,3,2
o2,pair0.5,0.0,9,2,2,3,2
o2,pair0.5,0.0,10,2,2,3,2
o2,pair0.5,0.0,11,2,2,3,2
o2,pair0.5,0.0,12,2,2,2,2
o2,pair0.5,0.0,13,2,2,2,2
o2,pair0.5,0.0,14,2,2,3,2
o2,pair0.5,0.0,15,2,2,2,2
o2,pair0.5,0.0,16,2,2,2,2
o2,pair0.5,0.0,17,2,2,3,2
o2,pair0.5,0.0,18,2,2,3,2
o2,pair0.5,0.0,19,2,2,3,2
o2,pair0.5,0.5,0,2,2,2,2
o2,pair0.5,0.5,1,2,2,2,2
o2,pair0.5,0.5,2,2,2,2,2
o2,pair0.5,0.5,3,2,2,2,2
o2,pair0.5,0.5,4,2,2,2,2
o2,pair0.5,0.5,5,2,2,2,2
o2,pair0.5,0.5,6,2,2,2,2
o2,pair0.5,0.5,7,2,2,2,2
o2,pair0.5,0.5,8,2,2,2,2
o2,pair0.5,0.5,9,2,2,2,2
o2,pair0.5,0.5,10,2,2,2,2
o2,pair0.5,0.5,11,2,2,2,2
o2,pair0.5,0.5,12,2,3,2,2
o2,pair0.5,0.5,13,2,2,3,2
o2,pair0.5,0.5,14,2,2,2,2
o2,pair0.5,0.5,15,2,2,2,2
o2,pair0.5,0.5,16,2,2,2,2
o2,pair0.5,0.5,17,2,2,2,2
o2,pair0.5,0.5,18,2,2,2,2
o2,pair0.5,0.5,19,2,2,2,2
o2,pair0.9,0.0,0,2,2,2,2
o2,pair0.9,0.0,1,2,2,2,2
o2,pair0.9,0.0,2,2,2,2,2
o2,pair0.9,0.0,3,2,2,2,2
o2,pair0.9,0.0,4,2,2,2,2
o2,pair0.9,0.0,5,2,2,3,2
o2,pair0.9,0.0,6,2,2,3,2
o2,pair0.9,0.0,7,2,2,2,2
o2,pair0.9,0.0,8,2,2,2,2
o2,pair0.9,0.0,9,2,2,3,2
o2,pair0.9,0.0,10,2,2,2,2
o2,pair0.9,0.0,11,2,2,3,3
o2,pair0.9,0.0,12,2,2,2,2
o2,pair0.9,0.0,13,2,2,3,2
o2,pair0.9,0.0,14,2,2,2,2
o2,pair0.9,0.0,15,2,2,2,2
o2,pair0.9,0.0,16,2,2,3,2
o2,pair0.9,0.0,17,2,2,2,2
o2,pair0.9,0.0,18,2,2,3,2
o2,pair0.9,0.0,19,2,2,2,2
o2,pair0.9,0.5,0,2,2,2,2
o2,pair0.9,0.5,1,2,2,2,2
o2,pair0.9,0.5,2,2,2,3,2
o2,pair0.9,0.5,3,2,2,2,2
o2,pair0.9,0.5,4,2,2,2,2
o2,pair0.9,0.5,5,2,2,2,2
o2,pair0.9,0.5,6,2,2,2,2
o2,pair0.9,0.5,7,2,2,3,2
o2,pair0.9,0.5,8,2,2,3,2
o2,pair0.9,0.5,9,2,2,2,2
o2,pair0.9,0.5,10,2,2,2,2
o2,pair0.9,0.5,11,2,2,2,2
o2,pair0.9,0.5,12,2,2,2,2
o2,pair0.9,0.5,13,2,2,2,2
o2,pair0.9,0.5,14,2,2,2,2
o2,pair0.9,0.5,15,2,2,2,2
o2,pair0.9,0.5,16,2,2,2,2
o2,pair0.9,0.5,17,2,2,2,2
o2,pair0.9,0.5,18,2,2,2,2
o2,pair0.9,0.5,19,2,2,2,2
o2,equi0.5,0.0,0,2,2,2,2
o2,equi0.5,0.0,1,2,2,3,2
o2,equi0.5,0.0,2,2,2,3,2
o2,equi0.5,0.0,3,2,2,3,2
o2,equi0.5,0.0,4,2,2,3,2
o2,equi0.5,0.0,5,2,2,3,2
o2,equi0.5,0.0,6,2,2,2,2
o2,equi0.5,0.0,7,2,2,3,2
o2,equi0.5,0.0,8,2,2,2,2
o2,equi0.5,0.0,9,2,2,3,2
o2,equi0.5,0.0,10,2,2,3,3
o2,equi0.5,0.0,11,2,2,3,3
o2,equi0.5,0.0,12,2,2,3,2
o2,equi0.5,0.0,13,2,2,3,2
o2,equi0.5,0.0,14,2,2,2,2
o2,equi0.5,0.0,15,2,2,3,2
o2,equi0.5,0.0,16,2,2,2,2
o2,equi0.5,0.0,17,2,2,3,2
o2,equi0.5,0.0,18,2,2,2,2
o2,equi0.5,0.0,19,2,2,3,3
o2,equi0.5,0.5,0,2,2,2,2
o2,equi0.5,0.5,1,2,2,2,2
o2,equi0.5,0.5,2,2,2,2,2
o2,equi0.5,0.5,3,2,2,2,2
o2,equi0.5,0.5,4,2,2,3,2
o2,equi0.5,0.5,5,2,2,2,2
o2,equi0.5,0.5,6,2,2,2,2
o2,equi0.5,0.5,7,2,2,2,2
o2,equi0.5,0.5,8,2,2,2,2
o2,equi0.5,0.5,9,2,2,2,2
o2,equi0.5,0.5,10,2,2,2,2
o2,equi0.5,0.5,11,2,2,3,2
o2,equi0.5,0.5,12,2,2,2,2
o2,equi0.5,0.5,13,2,2,3,2
o2,equi0.5,0.5,14,2,2,2,2
o2,equi0.5,0.5,15,2,2,2,2
o2,equi0.5,0.5,16,2,2,2,2
o2,equi0.5,0.5,17,2,2,2,2
o2,equi0.5,0.5,18,2,2,2,2
o2,equi0.5,0.5,19,2,2,2,2
o3,indep,0.0,0,3,3,3,3
o3,indep,0.0,1,3,3,3,3
o3,indep,0.0,2,3,3,3,3
o3,indep,0.0,3,3,3,3,3
o3,indep,0.0,4,3,3,3,3
o3,indep,0.0,5,3,3,3,3
o3,indep,0.0,6,3,3,3,3
o3,indep,0.0,7,3,3,3,3
o3,indep,0.0,8,3,3,3,3
o3,indep,0.0,9,3,3,3,3
o3,indep,0.0,10,3,3,3,3
o3,indep,0.0,11,3,3,3,3
o3,indep,0.0,12,3,3,3,3
o3,indep,0.0,13,3,3,3,3
o3,indep,0.0,14,3,3,3,3
o3,indep,0.0,15,3,3,3,3
o3,indep,0.0,16,3,3,3,3
o3,indep,0.0,17,3,3,3,3
o3,indep,0.0,18,3,3,3,3
o3,indep,0.0,19,3,3,3,3
o3,indep,0.5,0,3,3,3,3
o3,indep,0.5,1,3,3,3,3
o3,indep,0.5,2,3,3,3,3
o3,indep,0.5,3,3,3,3,3
o3,indep,0.5,4,3,3,3,3
o3,indep,0.5,5,3,3,3,3
o3,indep,0.5,6,3,3,3,3
o3,indep,0.5,7,3,3,3,3
o3,indep,0.5,8,3,3,3,3
o3,indep,0.5,9,3,3,3,3
o3,indep,0.5,10,3,3,3,3
o3,indep,0.5,11,3,3,3,3
o3,indep,0.5,12,3,3,3,3
o3,indep,0.5,13,3,3,3,3
o3,indep,0.5,14,3,3,3,3
o3,indep,0.5,15,3,3,3,3
o3,indep,0.5,16,3,3,3,3
o3,indep,0.5,17,3,3,3,3
o3,indep,0.5,18,3,3,3,3
o3,indep,0.5,19,3,3,3,3
o3,pair0.5,0.0,0,3,3,3,3
o3,pair0.5,0.0,1,3,3,3,3
o3,pair0.5,0.0,2,3,3,3,3
o3,pair0.5,0.0,3,3,3,3,3
o3,pair0.5,0.0,4,3,3,3,3
o3,pair0.5,0.0,5,3,3,3,3
o3,pair0.5,0.0,6,3,3,3,3
o3,pair0.5,0.0,7,3,3,3,3
o3,pair0.5,0.0,8,3,3,3,3
o3,pair0.5,0.0,9,3,3,3,3
o3,pair0.5,0.0,10,3,3,3,3
o3,pair0.5,0.0,11,3,3,3,3
o3,pair0.5,0.0,12,3,3,3,3
o3,pair0.5,0.0,13,3,3,3,3
o3,pair0.5,0.0,14,3,3,3,3
o3,pair0.5,0.0,15,3,3,3,3
o3,pair0.5,0.0,16,3,3,3,3
o3,pair0.5,0.0,17,3,3,3,3
o3,pair0.5,0.0,18,3,3,3,3
o3,pair0.5,0.0,19,3,3,3,3
o3,pair0.5,0.5,0,3,3,3,3
o3,pair0.5,0.5,1,3,3,3,3
o3,pair0.5,0.5,2,3,3,3,3
o3,pair0.5,0.5,3,3,3,3,3
o3,pair0.5,0.5,4,3,3,3,3
o3,pair0.5,0.5,5,3,3,3,3
o3,pair0.5,0.5,6,3,3,3,3
o3,pair0.5,0.5,7,3,3,3,3
o3,pair0.5,0.5,8,3,3,3,3
o3,pair0.5,0.5,9,3,3,3,3
o3,pair0.5,0.5,10,3,3,3,3
o3,pair0.5,0.5,11,3,3,3,3
o3,pair0.5,0.5,12,3,3,3,3
o3,pair0.5,0.5,13,3,3,3,3
o3,pair0.5,0.5,14,3,3,3,3
o3,pair0.5,0.5,15,3,3,3,3
o3,pair0.5,0.5,16,3,3,3,3
o3,pair0.5,0.5,17,3,3,3,3
o3,pair0.5,0.5,18,3,3,3,3
o3,pair0.5,0.5,19,3,3,3,3
o3,pair0.9,0.0,0,3,3,3,3
o3,pair0.9,0.0,1,3,3,3,3
o3,pair0.9,0.0,2,3,3,3,3
o3,pair0.9,0.0,3,3,3,3,3
o3,pair0.9,0.0,4,3,3,3,3
o3,pair0.9,0.0,5,3,3,3,3
o3,pair0.9,0.0,6,3,3,3,3
o3,pair0.9,0.0,7,3,3,3,3
o3,pair0.9,0.0,8,3,3,3,3
o3,pair0.9,0.0,9,3,3,3,3
o3,pair0.9,0.0,10,3,3,3,3
o3,pair0.9,0.0,11,3,3,3,3
o3,pair0.9,0.0,12,3,3,3,3
o3,pair0.9,0.0,13,3,3,3,3
o3,pair0.9,0.0,14,3,3,3,3
o3,pair0.9,0.0,15,3,3,3,3
o3,pair0.9,0.0,16,3,3,3,3
o3,pair0.9,0.0,17,3,3,3,3
o3,pair0.9,0.0,18,3,3,3,3
o3,pair0.9,0.0,19,3,3,3,3
o3,pair0.9,0.5,0,3,3,3,3
o3,pair0.9,0.5,1,3,3,3,3
o3,pair0.9,0.5,2,3,3,3,3
o3,pair0.9,0.5,3,3,3,3,3
o3,pair0.9,0.5,4,3,3,3,3
o3,pair0.9,0.5,5,3,3,3,3
o3,pair0.9,0.5,6,3,3,3,3
o3,pair0.9,0.5,7,3,3,3,3
o3,pair0.9,0.5,8,3,3,3,3
o3,pair0.9,0.5,9,3,3,3,3
o3,pair0.9,0.5,10,3,3,3,3
o3,pair0.9,0.5,11,3,3,3,3
o3,pair0.9,0.5,12,3,3,3,3
o3,pair0.9,0.5,13,3,3,3,3
o3,pair0.9,0.5,14,3,3,3,3
o3,pair0.9,0.5,15,3,3,3,3
o3,pair0.9,0.5,16,3,3,3,3
o3,pair0.9,0.5,17,3,3,3,3
o3,pair0.9,0.5,18,3,3,3,3
o3,pair0.9,0.5,19,3,3,3,3
o3,equi0.5,0.0,0,3,3,3,3
o3,equi0.5,0.0,1,3,3,3,3
o3,equi0.5,0.0,2,3,3,3,3
o3,equi0.5,0.0,3,3,3,3,3
o3,equi0.5,0.0,4,3,3,3,3
o3,equi0.5,0.0,5,3,3,3,3
o3,equi0.5,0.0,6,3,3,3,3
o3,equi0.5,0.0,7,3,3,3,3
o3,equi0.5,0.0,8,3,3,3,3
o3,equi0.5,0.0,9,3,3,3,3
o3,equi0.5,0.0,10,3,3,3,3
o3,equi0.5,0.0,11,3,3,3,3
o3,equi0.5,0.0,12,3,3,3,3
o3,equi0.5,0.0,13,3,3,3,3
o3,equi0.5,0.0,14,3,3,3,3
o3,equi0.5,0.0,15,3,3,3,3
o3,equi0.5,0.0,16,3,3,3,3
o3,equi0.5,0.0,17,3,3,3,3
o3,equi0.5,0.0,18,3,3,3,3
o3,equi0.5,0.0,19,3,3,3,3
o3,equi0.5,0.5,0,3,3,3,3
o3,equi0.5,0.5,1,3,3,3,3
o3,equi0.5,0.5,2,3,3,3,3
o3,equi0.5,0.5,3,3,3,3,3
o3,equi0.5,0.5,4,3,3,3,3
o3,equi0.5,0.5,5,3,3,3,3
o3,equi0.5,0.5,6,3,3,3,3
o3,equi0.5,0.5,7,3,3,3,3
o3,equi0.5,0.5,8,3,3,3,3
o3,equi0.5,0.5,9,3,3,3,3
o3,equi0.5,0.5,10,3,3,3,3
o3,equi0.5,0.5,11,3,3,3,3
o3,equi0.5,0.5,12,3,3,3,3
o3,equi0.5,0.5,13,3,3,3,3
o3,equi0.5,0.5,14,3,3,3,3
o3,equi0.5,0.5,15,3,3,3,3
o3,equi0.5,0.5,16,3,3,3,3
o3,equi0.5,0.5,17,3,3,3,3
o3,equi0.5,0.5,18,3,3,3,3
o3,equi0.5,0.5,19,3,3,3,3
o3mix,indep,0.0,0,3,3,3,3
o3mix,indep,0.0,1,3,3,3,3
o3mix,indep,0.0,2,3,3,3,3
o3mix,indep,0.0,3,3,3,3,3
o3mix,indep,0.0,4,3,3,3,3
o3mix,indep,0.0,5,3,3,3,3
o3mix,indep,0.0,6,3,3,3,3
o3mix,indep,0.0,7,3,3,3,3
o3mix,indep,0.0,8,3,3,3,3
o3mix,indep,0.0,9,3,3,3,3
o3mix,indep,0.0,10,3,3,3,3
o3mix,indep,0.0,11,3,3,3,3
o3mix,indep,0.0,12,3,3,3,3
o3mix,indep,0.0,13,3,3,3,3
o3mix,indep,0.0,14,3,3,3,3
o3mix,indep,0.0,15,3,3,3,3
o3mix,indep,0.0,16,3,3,3,3
o3mix,indep,0.0,17,3,3,3,3
o3mix,indep,0.0,18,3,3,3,3
o3mix,indep,0.0,19,3,3,3,3
o3mix,indep,0.5,0,3,3,3,3
o3mix,indep,0.5,1,3,3,3,3
o3mix,indep,0.5,2,3,3,3,3
o3mix,indep,0.5,3,3,3,3,3
o3mix,indep,0.5,4,3,3,3,3
o3mix,indep,0.5,5,3,3,3,3
o3mix,indep,0.5,6,3,3,3,3
o3mix,indep,0.5,7,3,3,3,3
o3mix,indep,0.5,8,3,3,3,3
o3mix,indep,0.5,9,3,3,3,3
o3mix,indep,0.5,10,3,3,3,3
o3mix,indep,0.5,11,3,3,3,3
o3mix,indep,0.5,12,3,3,3,3
o3mix,indep,0.5,13,3,3,3,3
o3mix,indep,0.5,14,3,3,3,3
o3mix,indep,0.5,15,3,3,3,3
o3mix,indep,0.5,16,3,3,3,3
o3mix,indep,0.5,17,3,3,3,3
o3mix,indep,0.5,18,3,3,3,3
o3mix,indep,0.5,19,3,3,3,3
o3mix,pair0.5,0.0,0,3,3,3,3
o3mix,pair0.5,0.0,1,3,3,3,3
o3mix,pair0.5,0.0,2,3,3,3,3
o3mix,pair0.5,0.0,3,3,3,3,3
o3mix,pair0.5,0.0,4,3,3,3,3
o3mix,pair0.5,0.0,5,3,3,3,3
o3mix,pair0.5,0.0,6,3,3,3,3
o3mix,pair0.5,0.0,7,3,3,3,3
o3mix,pair0.5,0.0,8,3,3,3,3
o3mix,pair0.5,0.0,9,3,3,3,3
o3mix,pair0.5,0.0,10,3,3,3,3
o3mix,pair0.5,0.0,11,3,3,3,3
o3mix,pair0.5,0.0,12,3,3,3,3
o3mix,pair0.5,0.0,13,3,3,3,3
o3mix,pair0.5,0.0,14,3,3,3,3
o3mix,pair0.5,0.0,15,3,3,3,3
o3mix,pair0.5,0.0,16,3,3,3,3
o3mix,pair0.5,0.0,17,3,3,3,3
o3mix,pair0.5,0.0,18,3,3,3,3
o3mix,pair0.5,0.0,19,3,3,3,3
o3mix,pair0.5,0.5,0,3,3,3,3
o3mix,pair0.5,0.5,1,3,3,3,3
o3mix,pair0.5,0.5,2,3,3,3,3
o3mix,pair0.5,0.5,3,3,3,3,3
o3mix,pair0.5,0.5,4,3,3,3,3
o3mix,pair0.5,0.5,5,3,3,3,3
o3mix,pair0.5,0.5,6,3,3,3,3
o3mix,pair0.5,0.5,7,3,3,3,3
o3mix,pair0.5,0.5,8,3,3,3,3
o3mix,pair0.5,0.5,9,3,3,3,3
o3mix,pair0.5,0.5,10,3,3,3,3
o3mix,pair0.5,0.5,11,3,3,3,3
o3mix,pair0.5,0.5,12,3,3,3,3
o3mix,pair0.5,0.5,13,3,3,3,3
o3mix,pair0.5,0.5,14,3,3,3,3
o3mix,pair0.5,0.5,15,3,3,3,3
o3mix,pair0.5,0.5,16,3,3,3,3
o3mix,pair0.5,0.5,17,3,3,3,3
o3mix,pair0.5,0.5,18,3,3,3,3
o3mix,pair0.5,0.5,19,3,3,3,3
o3mix,pair0.9,0.0,0,3,3,3,3
o3mix,pair0.9,0.0,1,3,3,3,3
o3mix,pair0.9,0.0,2,3,3,3,3
o3mix,pair0.9,0.0,3,3,3,3,3
o3mix,pair0.9,0.0,4,3,3,3,3
o3mix,pair0.9,0.0,5,3,3,3,3
o3mix,pair0.9,0.0,6,3,3,3,3
o3mix,pair0.9,0.0,7,3,3,3,3
o3mix,pair0.9,0.0,8,3,3,3,3
o3mix,pair0.9,0.0,9,3,3,3,3
o3mix,pair0.9,0.0,10,3,3,3,3
o3mix,pair0.9,0.0,11,3,3,3,3
o3mix,pair0.9,0.0,12,3,3,3,3
o3mix,pair0.9,0.0,13,3,3,3,3
o3mix,pair0.9,0.0,14,3,3,3,3
o3mix,pair0.9,0.0,15,3,3,3,3
o3mix,pair0.9,0.0,16,3,3,3,3
o3mix,pair0.9,0.0,17,3,3,3,3
o3mix,pair0.9,0.0,18,3,3,3,3
o3mix,pair0.9,0.0,19,3,3,3,3
o3mix,pair0.9,0.5,0,3,3,3,3
o3mix,pair0.9,0.5,1,3,3,3,3
o3mix,pair0.9,0.5,2,3,3,3,3
o3mix,pair0.9,0.5,3,3,3,3,3
o3mix,pair0.9,0.5,4,3,3,3,3
o3mix,pair0.9,0.5,5,3,3,3,3
o3mix,pair0.9,0.5,6,3,3,3,3
o3mix,pair0.9,0.5,7,3,3,3,3
o3mix,pair0.9,0.5,8,3,3,3,3
o3mix,pair0.9,0.5,9,3,3,3,3
o3mix,pair0.9,0.5,10,3,3,3,3
o3mix,pair0.9,0.5,11,3,3,3,3
o3mix,pair0.9,0.5,12,3,3,3,3
o3mix,pair0.9,0.5,13,3,3,3,3
o3mix,pair0.9,0.5,14,3,3,3,3
o3mix,pair0.9,0.5,15,3,3,3,3
o3mix,pair0.9,0.5,16,3,3,3,3
o3mix,pair0.9,0.5,17,3,3,3,3
o3mix,pair0.9,0.5,18,3,3,3,3
o3mix,pair0.9,0.5,19,3,3,3,3
o3mix,equi0.5,0.0,0,3,3,3,3
o3mix,equi0.5,0.0,1,3,3,3,3
o3mix,equi0.5,0.0,2,3,3,3,3
o3mix,equi0.5,0.0,3,3,3,3,3
o3mix,equi0.5,0.0,4,3,3,3,3
o3mix,equi0.5,0.0,5,3,3,3,3
o3mix,equi0.5,0.0,6,3,3,3,3
o3mix,equi0.5,0.0,7,3,3,3,3
o3mix,equi0.5,0.0,8,3,3,3,3
o3mix,equi0.5,0.0,9,3,3,3,3
o3mix,equi0.5,0.0,10,3,3,3,3
o3mix,equi0.5,0.0,11,3,3,3,3
o3mix,equi0.5,0.0,12,3,3,3,3
o3mix,equi0.5,0.0,13,3,3,3,3
o3mix,equi0.5,0.0,14,3,3,3,3
o3mix,equi0.5,0.0,15,3,3,3,3
o3mix,equi0.5,0.0,16,3,3,3,3
o3mix,equi0.5,0.0,17,3,3,3,3
o3mix,equi0.5,0.0,18,3,3,3,3
o3mix,equi0.5,0.0,19,3,3,3,3
o3mix,equi0.5,0.5,0,3,3,3,3
o3mix,equi0.5,0.5,1,3,3,3,3
o3mix,equi0.5,0.5,2,3,3,3,3
o3mix,equi0.5,0.5,3,3,3,3,3
o3mix,equi0.5,0.5,4,3,3,3,3
o3mix,equi0.5,0.5,5,3,3,3,3
o3mix,equi0.5,0.5,6,3,3,3,3
o3mix,equi0.5,0.5,7,3,3,3,3
o3mix,equi0.5,0.5,8,3,3,3,3
o3mix,equi0.5,0.5,9,3,3,3,3
o3mix,equi0.5,0.5,10,3,3,3,3
o3mix,equi0.5,0.5,11,3,3,3,3
o3mix,equi0.5,0.5,12,3,3,3,3
o3mix,equi0.5,0.5,13,3,3,3,3
o3mix,equi0.5,0.5,14,3,3,3,3
o3mix,equi0.5,0.5,15,3,3,3,3
o3mix,equi0.5,0.5,16,3,3,3,3
o3mix,equi0.5,0.5,17,3,3,3,3
o3mix,equi0.5,0.5,18,3,3,3,3
o3mix,equi0.5,0.5,19,3,3,3,3
