experiment,dgp,dependence,sigma,rep,true_order,khat_bspline,khat_poly,rem1_p_bspline,rem2_p_bspline
bspline_basis,o1,indep,0.0,0,1,1,1,0.968764841179853,0.9504202059971946
bspline_basis,o1,indep,0.0,1,1,1,1,0.9128213964186178,0.9063396765815643
bspline_basis,o1,indep,0.0,2,1,1,1,0.985239585525915,0.9288317361512972
bspline_basis,o1,indep,0.0,3,1,1,1,0.9015591734504987,0.8676789514308277
bspline_basis,o1,indep,0.0,4,1,1,1,0.9961893674177443,0.9887245486537958
bspline_basis,o1,indep,0.0,5,1,1,1,0.8386014212397509,0.7934203133014742
bspline_basis,o1,indep,0.0,6,1,1,1,0.9839002114429566,0.7754496374543827
bspline_basis,o1,indep,0.0,7,1,1,1,0.9950741197450299,0.9371264370561894
bspline_basis,o1,indep,0.0,8,1,1,1,0.8796310292073402,0.8493261356301796
bspline_basis,o1,indep,0.0,9,1,1,1,0.9151403600262605,0.9042840230134528
bspline_basis,o1,indep,0.0,10,1,1,1,0.9391950608559496,0.9448414046492123
bspline_basis,o1,indep,0.0,11,1,1,1,0.9939076805613921,0.9812496245811982
bspline_basis,o1,indep,0.0,12,1,1,1,0.9897891997185633,0.9704102626025862
bspline_basis,o1,indep,0.0,13,1,1,1,0.9388977173849129,0.896603124811601
bspline_basis,o1,indep,0.0,14,1,1,1,0.8605557249908704,0.8265249700635081
bspline_basis,o1,indep,0.0,15,1,1,1,0.795897381332469,0.7385673707759769
bspline_basis,o1,indep,0.0,16,1,1,1,0.9904422969609218,0.9284006180874903
bspline_basis,o1,indep,0.0,17,1,1,1,0.941482070410043,0.9085926114611882
bspline_basis,o1,indep,0.0,18,1,1,1,0.9413261257592995,0.8158401172368279
bspline_basis,o1,indep,0.0,19,1,1,1,0.9722655830854506,0.7712360104947914
bspline_basis,o1,indep,0.5,0,1,1,1,0.9873425821082031,0.9929876270428306
bspline_basis,o1,indep,0.5,1,1,1,1,0.8720564101813663,0.8433499100786197
bspline_basis,o1,indep,0.5,2,1,1,1,0.8603756313225761,0.815445767832118
bspline_basis,o1,indep,0.5,3,1,1,1,0.9887225605982707,0.975516283953735
bspline_basis,o1,indep,0.5,4,1,1,1,0.9957245469222459,0.9935225765015528
bspline_basis,o1,indep,0.5,5,1,1,1,0.9956454496490379,0.9821080009022461
bspline_basis,o1,indep,0.5,6,1,1,1,0.9186336032110405,0.8738295699210556
bspline_basis,o1,indep,0.5,7,1,1,1,0.9910183556100786,0.8491121027292351
bspline_basis,o1,indep,0.5,8,1,1,1,0.9565420480672205,0.9481559620122387
bspline_basis,o1,indep,0.5,9,1,1,1,0.9942313079866255,0.995578881909904
bspline_basis,o1,indep,0.5,10,1,1,1,0.8929444167201379,0.875282624323045
bspline_basis,o1,indep,0.5,11,1,1,1,0.9876836411718876,0.9756133054129406
bspline_basis,o1,indep,0.5,12,1,1,1,0.9964163604390707,0.967640489786692
bspline_basis,o1,indep,0.5,13,1,1,1,0.873174667122218,0.8308554850602572
bspline_basis,o1,indep,0.5,14,1,1,1,0.890646798647394,0.8571621780555503
bspline_basis,o1,indep,0.5,15,1,1,1,0.9986957140215227,0.9883414249805005
bspline_basis,o1,indep,0.5,16,1,1,1,0.9792914495874916,0.9768389323989883
bspline_basis,o1,indep,0.5,17,1,1,1,0.7424339939936764,0.72970089328294
bspline_basis,o1,indep,0.5,18,1,1,1,0.9991938800032844,0.997230896046875
bspline_basis,o1,indep,0.5,19,1,1,1,0.9981174338183876,0.9931436819973575
bspline_basis,o1,pair0.9,0.0,0,1,1,1,0.7588217960683193,0.7456192385766671
bspline_basis,o1,pair0.9,0.0,1,1,1,1,0.9556159510628996,0.8847840489934357
bspline_basis,o1,pair0.9,0.0,2,1,1,1,0.959630470701593,0.913494448427061
bspline_basis,o1,pair0.9,0.0,3,1,1,1,0.980816844701738,0.9818325950909708
bspline_basis,o1,pair0.9,0.0,4,1,1,1,0.9964029488616384,0.9875528319935939
bspline_basis,o1,pair0.9,0.0,5,1,1,1,0.936538928960749,0.9226277673925487
bspline_basis,o1,pair0.9,0.0,6,1,1,1,0.9468712428453621,0.6764877294428622
bspline_basis,o1,pair0.9,0.0,7,1,1,1,0.8557177084602212,0.8196195929164896
bspline_basis,o1,pair0.9,0.0,8,1,1,1,0.7394867491148243,0.7309264563225346
bspline_basis,o1,pair0.9,0.0,9,1,1,1,0.7737712521701132,0.7497652257231073
bspline_basis,o1,pair0.9,0.0,10,1,1,1,0.9125166664601192,0.9215599067880661
bspline_basis,o1,pair0.9,0.0,11,1,1,1,0.9858381637117495,0.9822060661752978
bspline_basis,o1,pair0.9,0.0,12,1,1,1,0.7869623214133116,0.7824850040600239
bspline_basis,o1,pair0.9,0.0,13,1,1,1,0.9489930900719715,0.9152769262663216
bspline_basis,o1,pair0.9,0.0,14,1,1,1,0.9425845901169604,0.8803405148554122
bspline_basis,o1,pair0.9,0.0,15,1,1,1,0.8521181195820315,0.8594027509598599
bspline_basis,o1,pair0.9,0.0,16,1,1,1,0.9945104793184767,0.6101676185583929
bspline_basis,o1,pair0.9,0.0,17,1,1,1,0.9309573406422893,0.9242716645139781
bspline_basis,o1,pair0.9,0.0,18,1,1,1,0.9039330848475114,0.8819043625639256
bspline_basis,o1,pair0.9,0.0,19,1,1,1,0.9577892271173061,0.8983969991418708
bspline_basis,o1,pair0.9,0.5,0,1,1,1,0.9935759864697257,0.9862427879517262
bspline_basis,o1,pair0.9,0.5,1,1,1,1,0.9556984265710203,0.9467885898954908
bspline_basis,o1,pair0.9,0.5,2,1,1,1,0.7813361991309475,0.775850719258783
bspline_basis,o1,pair0.9,0.5,3,1,1,1,0.9614477462135436,0.9578665543090451
bspline_basis,o1,pair0.9,0.5,4,1,1,1,0.9946144046242561,0.9896867213114646
bspline_basis,o1,pair0.9,0.5,5,1,1,1,0.998132796397727,0.9983852844431023
bspline_basis,o1,pair0.9,0.5,6,1,1,1,0.7947466601130553,0.7883928672041098
bspline_basis,o1,pair0.9,0.5,7,1,1,1,0.9099164217831589,0.8949285777879854
bspline_basis,o1,pair0.9,0.5,8,1,1,1,0.7756262910716736,0.7696304966550684
bspline_basis,o1,pair0.9,0.5,9,1,1,1,0.9381658492796817,0.9017517539604635
bspline_basis,o1,pair0.9,0.5,10,1,1,1,0.9551547448225293,0.9486775539048715
bspline_basis,o1,pair0.9,0.5,11,1,1,1,0.9929557033880113,0.9531126745250071
bspline_basis,o1,pair0.9,0.5,12,1,1,1,0.9921581158836413,0.9902988421902702
bspline_basis,o1,pair0.9,0.5,13,1,1,1,0.9443193605446714,0.9311132530746854
bspline_basis,o1,pair0.9,0.5,14,1,1,1,0.828459884343205,0.8026942644186219
bspline_basis,o1,pair0.9,0.5,15,1,1,1,0.8517301490086571,0.8315719496426394
bspline_basis,o1,pair0.9,0.5,16,1,1,1,0.9713275102427478,0.9607520229579442
bspline_basis,o1,pair0.9,0.5,17,1,1,1,0.7104568956599426,0.7067936094333307
bspline_basis,o1,pair0.9,0.5,18,1,1,1,0.998710452534496,0.983313819220977
bspline_basis,o1,pair0.9,0.5,19,1,1,1,0.9378533895848339,0.8978708611940591
bspline_basis,o2,indep,0.0,0,2,2,2,4.9960036108132044e-15,0.8046528298835975
bspline_basis,o2,indep,0.0,1,2,2,2,9.64783808399261e-14,0.9664471817612413
bspline_basis,o2,indep,0.0,2,2,2,2,1.318944953254686e-13,0.8657062317548196
bspline_basis,o2,indep,0.0,3,2,2,2,1.1213252548714081e-14,0.8779833635206579
bspline_basis,o2,indep,0.0,4,2,2,2,1.5543122344752192e-15,0.8231322891119306
bspline_basis,o2,indep,0.0,5,2,2,2,1.7430501486614958e-14,0.9150634336456004
bspline_basis,o2,indep,0.0,6,2,2,2,4.440892098500626e-16,0.9867938435211959
bspline_basis,o2,indep,0.0,7,2,2,2,6.661338147750939e-15,0.97673902161345
bspline_basis,o2,indep,0.0,8,2,2,2,7.638334409421077e-14,0.8255416132926955
bspline_basis,o2,indep,0.0,9,2,2,2,1.1102230246251565e-16,0.9634297452968344
bspline_basis,o2,indep,0.0,10,2,2,2,0.0,0.994814711417433
bspline_basis,o2,indep,0.0,11,2,2,2,6.072919944699606e-14,0.9658445695390778
bspline_basis,o2,indep,0.0,12,2,2,2,1.4432899320127035e-15,0.9879230541438354
bspline_basis,o2,indep,0.0,13,2,2,2,1.5210055437364645e-14,0.9005777985536843
bspline_basis,o2,indep,0.0,14,2,2,2,5.551115123125783e-16,0.7432899935601714
bspline_basis,o2,indep,0.0,15,2,2,2,8.881784197001252e-15,0.8437334389353834
bspline_basis,o2,indep,0.0,16,2,2,2,2.2315482794965646e-14,0.7103543178890253
bspline_basis,o2,indep,0.0,17,2,2,2,2.6958990595460364e-11,0.7534550192570513
bspline_basis,o2,indep,0.0,18,2,2,2,6.661338147750939e-16,0.996547764277852
bspline_basis,o2,indep,0.0,19,2,2,2,7.771561172376096e-15,0.813214442830829
bspline_basis,o2,indep,0.5,0,2,2,2,6.7731376063306925e-12,0.8827893922819785
bspline_basis,o2,indep,0.5,1,2,2,2,4.4075854077618715e-14,0.9979932065288837
bspline_basis,o2,indep,0.5,2,2,2,2,1.1746159600534156e-13,0.9743866867619826
bspline_basis,o2,indep,0.5,3,2,2,2,9.388045896230324e-13,0.8304705026454323
bspline_basis,o2,indep,0.5,4,2,2,2,3.774758283725532e-15,0.92499874650159
bspline_basis,o2,indep,0.5,5,2,2,2,1.4432899320127035e-15,0.9899587395954156
bspline_basis,o2,indep,0.5,6,2,2,2,9.559020242022598e-14,0.9225545930323527
bspline_basis,o2,indep,0.5,7,2,2,2,0.0,0.9113979264312133
bspline_basis,o2,indep,0.5,8,2,2,2,1.5763234151311423e-06,0.8264943582655921
bspline_basis,o2,indep,0.5,9,2,2,2,1.9761969838327786e-14,0.8958141072207901
bspline_basis,o2,indep,0.5,10,2,2,2,0.0001594335286875248,0.7966655638312545
bspline_basis,o2,indep,0.5,11,2,2,2,1.0658141036401503e-14,0.928436444329564
bspline_basis,o2,indep,0.5,12,2,2,2,9.350298313393068e-13,0.8424808729671148
bspline_basis,o2,indep,0.5,13,2,2,2,1.1102230246251565e-15,0.9896556819104202
bspline_basis,o2,indep,0.5,14,2,2,2,3.3306690738754696e-15,0.9065634908490012
bspline_basis,o2,indep,0.5,15,2,2,2,2.1094237467877974e-14,0.994470622243641
bspline_basis,o2,indep,0.5,16,2,2,2,1.4765966227514582e-13,0.9596132868854046
bspline_basis,o2,indep,0.5,17,2,2,2,4.6629367034256575e-14,0.9742772844046497
bspline_basis,o2,indep,0.5,18,2,2,2,8.004708007547379e-14,0.7920842884759494
bspline_basis,o2,indep,0.5,19,2,2,2,1.4432899320127035e-14,0.8783801446868984
bspline_basis,o2,pair0.9,0.0,0,2,2,2,1.1435297153639112e-14,0.8908581857763473
bspline_basis,o2,pair0.9,0.0,1,2,2,2,3.3306690738754696e-16,0.8376869140258002
bspline_basis,o2,pair0.9,0.0,2,2,2,2,2.0838886172214188e-13,0.9585647978861385
bspline_basis,o2,pair0.9,0.0,3,2,2,2,2.90878432451791e-14,0.6015318823143496
bspline_basis,o2,pair0.9,0.0,4,2,2,2,1.3322676295501878e-15,0.8187148608974498
bspline_basis,o2,pair0.9,0.0,5,2,2,2,9.525713551283843e-14,0.8843184473125847
bspline_basis,o2,pair0.9,0.0,6,2,2,2,1.965094753586527e-14,0.8141566127365405
bspline_basis,o2,pair0.9,0.0,7,2,2,2,1.1102230246251565e-16,0.8810348678018486
bspline_basis,o2,pair0.9,0.0,8,2,2,2,7.105427357601002e-15,0.8138681139842614
bspline_basis,o2,pair0.9,0.0,9,2,2,2,1.2212453270876722e-15,0.9947248145450349
bspline_basis,o2,pair0.9,0.0,10,2,2,2,8.659739592076221e-15,0.8596783771793184
bspline_basis,o2,pair0.9,0.0,11,2,2,2,5.2735593669694936e-14,0.6394539784761571
bspline_basis,o2,pair0.9,0.0,12,2,2,2,6.106226635438361e-15,0.7446210506698746
bspline_basis,o2,pair0.9,0.0,13,2,2,2,6.328271240363392e-15,0.8360033266857514
bspline_basis,o2,pair0.9,0.0,14,2,2,2,6.816769371198461e-14,0.9636711347486535
bspline_basis,o2,pair0.9,0.0,15,2,2,2,3.959055305813308e-13,0.9474809058679106
bspline_basis,o2,pair0.9,0.0,16,2,2,2,5.218048215738236e-15,0.9118584087057461
bspline_basis,o2,pair0.9,0.0,17,2,2,2,3.774758283725532e-14,0.7371202100345404
bspline_basis,o2,pair0.9,0.0,18,2,2,2,2.220446049250313e-16,0.9149286273139671
bspline_basis,o2,pair0.9,0.0,19,2,2,2,2.2537527399890678e-14,0.8047619226347964
bspline_basis,o2,pair0.9,0.5,0,2,2,2,0.022129901425721243,0.7236839082236387
bspline_basis,o2,pair0.9,0.5,1,2,2,2,1.0902390101819037e-13,0.9320722627127623
bspline_basis,o2,pair0.9,0.5,2,2,2,2,2.475797344914099e-14,0.9330968445469017
bspline_basis,o2,pair0.9,0.5,3,2,2,2,1.7763568394002505e-15,0.9978919374833876
bspline_basis,o2,pair0.9,0.5,4,2,2,2,2.964295475749168e-14,0.9915508073857338
bspline_basis,o2,pair0.9,0.5,5,2,2,2,2.2792878695554464e-13,0.7786446181723558
bspline_basis,o2,pair0.9,0.5,6,2,2,2,2.7755575615628914e-15,0.9620723648944145
bspline_basis,o2,pair0.9,0.5,7,2,2,2,7.049916206369744e-14,0.8733592055691561
bspline_basis,o2,pair0.9,0.5,8,2,2,2,9.209299989265674e-13,0.8629656435167194
bspline_basis,o2,pair0.9,0.5,9,2,2,2,5.125899704694348e-13,0.8691760892393731
bspline_basis,o2,pair0.9,0.5,10,2,2,2,2.142730437526552e-14,0.8044047880874512
bspline_basis,o2,pair0.9,0.5,11,2,2,2,6.661338147750939e-15,0.9607701928168221
bspline_basis,o2,pair0.9,0.5,12,2,2,2,4.440892098500626e-16,0.965123769293294
bspline_basis,o2,pair0.9,0.5,13,2,2,2,2.6856294965682537e-13,0.852118987203189
bspline_basis,o2,pair0.9,0.5,14,2,2,2,1.687538997430238e-14,0.9602714210590368
bspline_basis,o2,pair0.9,0.5,15,2,2,2,3.5216274341109965e-13,0.9585465180449289
bspline_basis,o2,pair0.9,0.5,16,2,2,2,4.221577531993148e-10,0.809331893615481
bspline_basis,o2,pair0.9,0.5,17,2,2,2,2.0183854587685346e-12,0.9334890458086568
bspline_basis,o2,pair0.9,0.5,18,2,2,2,3.0897506775318107e-13,0.909499638354682
bspline_basis,o2,pair0.9,0.5,19,2,2,2,8.992806499463768e-15,0.99605800257957
bspline_basis,o3,indep,0.0,0,3,3,3,0.0,5.24469356832924e-13
bspline_basis,o3,indep,0.0,1,3,3,3,0.0,5.7601516778582607e-08
bspline_basis,o3,indep,0.0,2,3,3,3,0.0,4.2071734984716613e-10
bspline_basis,o3,indep,0.0,3,3,3,3,0.0,1.2258971615608516e-11
bspline_basis,o3,indep,0.0,4,3,3,3,0.0,7.537304114180188e-13
bspline_basis,o3,indep,0.0,5,3,3,3,0.0,2.812866661816571e-08
bspline_basis,o3,indep,0.0,6,3,3,3,0.0,8.023965862857807e-07
bspline_basis,o3,indep,0.0,7,3,3,3,0.0,4.933609076829271e-12
bspline_basis,o3,indep,0.0,8,3,3,3,0.0,6.59738930153253e-12
bspline_basis,o3,indep,0.0,9,3,3,3,0.0,1.9746521084940127e-09
bspline_basis,o3,indep,0.0,10,3,3,3,0.0,2.1005419625907962e-13
bspline_basis,o3,indep,0.0,11,3,3,3,1.1102230246251565e-16,4.966538291739653e-11
bspline_basis,o3,indep,0.0,12,3,3,3,0.0,6.669734542441574e-09
bspline_basis,o3,indep,0.0,13,3,3,3,0.0,4.738465175790907e-11
bspline_basis,o3,indep,0.0,14,3,3,3,0.0,3.3932729959218477e-09
bspline_basis,o3,indep,0.0,15,3,3,3,0.0,3.054945185709812e-11
bspline_basis,o3,indep,0.0,16,3,3,3,0.0,3.114211188925964e-08
bspline_basis,o3,indep,0.0,17,3,3,3,0.0,2.2219865048800358e-05
bspline_basis,o3,indep,0.0,18,3,3,3,0.0,8.618994407072478e-12
bspline_basis,o3,indep,0.0,19,3,3,3,0.0,5.5036185608869914e-09
bspline_basis,o3,indep,0.5,0,3,3,3,2.220446049250313e-16,1.0061129263050361e-08
bspline_basis,o3,indep,0.5,1,3,3,3,2.220446049250313e-15,1.5093791749798413e-07
bspline_basis,o3,indep,0.5,2,3,3,3,2.1871393585115584e-14,1.0437523068063115e-09
bspline_basis,o3,indep,0.5,3,3,3,3,2.6645352591003757e-15,8.686662500423381e-11
bspline_basis,o3,indep,0.5,4,3,3,3,1.1102230246251565e-16,3.265326897761156e-09
bspline_basis,o3,indep,0.5,5,3,3,3,1.887379141862766e-15,4.529154828958326e-12
bspline_basis,o3,indep,0.5,6,3,3,3,9.992007221626409e-16,1.602691312996285e-10
bspline_basis,o3,indep,0.5,7,3,3,3,1.3988810110276972e-14,3.291498962276762e-09
bspline_basis,o3,indep,0.5,8,3,3,3,0.0,4.371947248671404e-12
bspline_basis,o3,indep,0.5,9,3,3,3,2.220446049250313e-16,2.5446351581415172e-08
bspline_basis,o3,indep,0.5,10,3,3,3,0.0,2.0964452396299293e-11
bspline_basis,o3,indep,0.5,11,3,3,3,3.3306690738754696e-16,2.0422002955378105e-07
bspline_basis,o3,indep,0.5,12,3,3,3,5.282994042232758e-10,1.203026234186666e-09
bspline_basis,o3,indep,0.5,13,3,3,3,1.6653345369377348e-15,1.1312073500135966e-10
bspline_basis,o3,indep,0.5,14,3,3,3,1.1102230246251565e-16,1.4363177314180575e-11
bspline_basis,o3,indep,0.5,15,3,3,3,0.0,1.3772576301640527e-08
bspline_basis,o3,indep,0.5,16,3,3,3,1.9984014443252818e-15,4.914105649067579e-07
bspline_basis,o3,indep,0.5,17,3,3,3,1.1102230246251565e-15,1.2917728442474186e-08
bspline_basis,o3,indep,0.5,18,3,3,3,1.5432100042289676e-14,1.1410539180189971e-11
bspline_basis,o3,indep,0.5,19,3,3,3,0.0,5.287644877505215e-09
bspline_basis,o3,pair0.9,0.0,0,3,3,3,1.3877787807814457e-14,7.73752808491679e-08
bspline_basis,o3,pair0.9,0.0,1,3,3,3,6.210587599753126e-13,1.267669788029835e-07
bspline_basis,o3,pair0.9,0.0,2,3,3,3,1.7763568394002505e-14,1.7429414733705073e-07
bspline_basis,o3,pair0.9,0.0,3,3,3,3,4.514721929638199e-12,9.254702959538008e-08
bspline_basis,o3,pair0.9,0.0,4,3,3,3,2.8199664825478976e-14,9.355952601541873e-08
bspline_basis,o3,pair0.9,0.0,5,3,3,3,1.2275735983280356e-12,8.543792606729994e-08
bspline_basis,o3,pair0.9,0.0,6,3,3,3,1.887379141862766e-15,1.1084166584574007e-08
bspline_basis,o3,pair0.9,0.0,7,3,3,3,1.6142642778049776e-13,2.926978470707553e-08
bspline_basis,o3,pair0.9,0.0,8,3,3,3,3.74067443686954e-12,2.6386124729604887e-08
bspline_basis,o3,pair0.9,0.0,9,3,3,3,1.8333001783332747e-11,4.51772093224001e-06
bspline_basis,o3,pair0.9,0.0,10,3,3,3,3.530509218307998e-14,2.9105163631415465e-06
bspline_basis,o3,pair0.9,0.0,11,3,3,3,2.220446049250313e-16,1.3734524628716827e-10
bspline_basis,o3,pair0.9,0.0,12,3,3,3,2.55351295663786e-15,5.29701261187121e-07
bspline_basis,o3,pair0.9,0.0,13,3,3,3,3.6637359812630166e-14,1.6577111461302252e-08
bspline_basis,o3,pair0.9,0.0,14,3,3,3,1.9095836023552692e-14,3.7144595721461116e-07
bspline_basis,o3,pair0.9,0.0,15,3,3,3,1.9240165016753963e-13,1.2866841203607038e-07
bspline_basis,o3,pair0.9,0.0,16,3,3,3,8.770761894538737e-15,4.2294110991214495e-08
bspline_basis,o3,pair0.9,0.0,17,3,3,3,4.579669976578771e-13,2.6723760537805674e-07
bspline_basis,o3,pair0.9,0.0,18,3,3,3,2.2004620348070603e-13,7.641506527544806e-08
bspline_basis,o3,pair0.9,0.0,19,3,3,3,3.219646771412954e-15,4.584997714829342e-09
bspline_basis,o3,pair0.9,0.5,0,3,2,3,2.9976021664879227e-15,0.273864222040205
bspline_basis,o3,pair0.9,0.5,1,3,3,3,8.770761894538737e-15,9.75093768396107e-07
bspline_basis,o3,pair0.9,0.5,2,3,3,3,1.0436096431476471e-14,2.5607956798623377e-05
bspline_basis,o3,pair0.9,0.5,3,3,2,3,2.9765079290200447e-13,0.10819751088521867
bspline_basis,o3,pair0.9,0.5,4,3,3,3,7.349676423018536e-13,4.957193577848074e-07
bspline_basis,o3,pair0.9,0.5,5,3,2,3,2.7077229347582943e-12,0.6762008026561493
bspline_basis,o3,pair0.9,0.5,6,3,3,3,3.0531133177191805e-14,0.037175797948540756
bspline_basis,o3,pair0.9,0.5,7,3,2,3,3.375077994860476e-14,0.188327724498343
bspline_basis,o3,pair0.9,0.5,8,3,2,3,5.706546346573305e-14,0.16902615712277447
bspline_basis,o3,pair0.9,0.5,9,3,3,3,8.881784197001252e-16,1.2105400505446617e-05
bspline_basis,o3,pair0.9,0.5,10,3,2,3,1.677652461395951e-10,0.6384032706888912
bspline_basis,o3,pair0.9,0.5,11,3,3,3,4.285460875053104e-13,0.035227650580267444
bspline_basis,o3,pair0.9,0.5,12,3,2,3,7.771561172376096e-16,0.3201600256825998
bspline_basis,o3,pair0.9,0.5,13,3,2,3,5.861977570020827e-14,0.3223397449156171
bspline_basis,o3,pair0.9,0.5,14,3,3,3,3.4416913763379853e-15,0.00017521051787905417
bspline_basis,o3,pair0.9,0.5,15,3,3,3,8.659739592076221e-15,2.604334589206836e-06
bspline_basis,o3,pair0.9,0.5,16,3,3,3,7.771561172376096e-15,0.009564056830754009
bspline_basis,o3,pair0.9,0.5,17,3,3,3,1.7108536809473662e-13,1.8269684245453277e-06
bspline_basis,o3,pair0.9,0.5,18,3,2,3,3.1624702856447584e-12,0.5917498381326581
bspline_basis,o3,pair0.9,0.5,19,3,3,3,2.731148640577885e-14,2.2685647327991276e-05
bspline_basis,o3mix,indep,0.0,0,3,3,3,0.0,5.946912962073725e-10
bspline_basis,o3mix,indep,0.0,1,3,3,3,0.0,1.7508992034009907e-09
bspline_basis,o3mix,indep,0.0,2,3,3,3,0.0,6.974297306339139e-08
bspline_basis,o3mix,indep,0.0,3,3,3,3,0.0,7.109255882875587e-07
bspline_basis,o3mix,indep,0.0,4,3,3,3,0.0,7.366329768387914e-12
bspline_basis,o3mix,indep,0.0,5,3,3,3,0.0,8.77486971972985e-12
bspline_basis,o3mix,indep,0.0,6,3,3,3,0.0,1.5424456210055837e-06
bspline_basis,o3mix,indep,0.0,7,3,3,3,0.0,1.8771295628994267e-09
bspline_basis,o3mix,indep,0.0,8,3,3,3,0.0,6.08253447609286e-11
bspline_basis,o3mix,indep,0.0,9,3,3,3,0.0,3.871802878308017e-11
bspline_basis,o3mix,indep,0.0,10,3,3,3,0.0,2.7047697415127914e-10
bspline_basis,o3mix,indep,0.0,11,3,3,3,0.0,1.3201839677012828e-07
bspline_basis,o3mix,indep,0.0,12,3,3,3,4.440892098500626e-16,0.02563574823886261
bspline_basis,o3mix,indep,0.0,13,3,3,3,0.0,3.65374397404139e-13
bspline_basis,o3mix,indep,0.0,14,3,3,3,0.0,2.957183387053419e-10
bspline_basis,o3mix,indep,0.0,15,3,3,3,0.0,2.002230825581819e-09
bspline_basis,o3mix,indep,0.0,16,3,3,3,0.0,2.4786839247781245e-12
bspline_basis,o3mix,indep,0.0,17,3,3,3,0.0,1.412249173160518e-08
bspline_basis,o3mix,indep,0.0,18,3,3,3,0.0,2.0049739646310627e-11
bspline_basis,o3mix,indep,0.0,19,3,3,3,0.0,3.928852354562196e-09
bspline_basis,o3mix,indep,0.5,0,3,3,3,2.220446049250313e-16,3.0175510978835973e-09
bspline_basis,o3mix,indep,0.5,1,3,3,3,3.3306690738754696e-16,3.694300421130947e-11
bspline_basis,o3mix,indep,0.5,2,3,3,3,2.220446049250313e-16,5.547562409446982e-12
bspline_basis,o3mix,indep,0.5,3,3,3,3,1.2212453270876722e-15,8.385514504993807e-12
bspline_basis,o3mix,indep,0.5,4,3,3,3,0.0,1.384717895902554e-10
bspline_basis,o3mix,indep,0.5,5,3,3,3,7.771561172376096e-16,1.510436220542033e-11
bspline_basis,o3mix,indep,0.5,6,3,3,3,6.661338147750939e-16,5.526708424241633e-09
bspline_basis,o3mix,indep,0.5,7,3,3,3,1.1102230246251565e-16,5.92303983637521e-13
bspline_basis,o3mix,indep,0.5,8,3,3,3,2.0469809736134437e-08,0.004081954152347245
bspline_basis,o3mix,indep,0.5,9,3,3,3,1.1102230246251565e-16,1.0843670406046613e-10
bspline_basis,o3mix,indep,0.5,10,3,3,3,1.1102230246251565e-16,1.152380191271618e-09
bspline_basis,o3mix,indep,0.5,11,3,3,3,6.661338147750939e-16,8.038014698286133e-12
bspline_basis,o3mix,indep,0.5,12,3,3,3,0.0,1.0745859757577136e-10
bspline_basis,o3mix,indep,0.5,13,3,3,3,0.0,9.622013186216805e-10
bspline_basis,o3mix,indep,0.5,14,3,3,3,2.220446049250313e-16,7.515599254048766e-11
bspline_basis,o3mix,indep,0.5,15,3,3,3,1.1102230246251565e-16,1.6555090631698022e-11
bspline_basis,o3mix,indep,0.5,16,3,3,3,3.3306690738754696e-16,7.64075469561476e-10
bspline_basis,o3mix,indep,0.5,17,3,3,3,1.1102230246251565e-16,2.1462598365218355e-10
bspline_basis,o3mix,indep,0.5,18,3,3,3,1.1102230246251565e-16,3.8115910427904964e-10
bspline_basis,o3mix,indep,0.5,19,3,3,3,2.220446049250313e-16,7.481270047904331e-10
bspline_basis,o3mix,pair0.9,0.0,0,3,3,3,1.1102230246251565e-16,1.5025475874619332e-07
bspline_basis,o3mix,pair0.9,0.0,1,3,3,3,3.3306690738754696e-16,4.5567647988242754e-08
bspline_basis,o3mix,pair0.9,0.0,2,3,3,3,3.774758283725532e-15,6.791424267404977e-08
bspline_basis,o3mix,pair0.9,0.0,3,3,3,3,2.220446049250313e-16,0.00025343282290779534
bspline_basis,o3mix,pair0.9,0.0,4,3,3,3,6.049605261182478e-13,2.6909174444256223e-08
bspline_basis,o3mix,pair0.9,0.0,5,3,3,3,3.1086244689504383e-15,1.055902982827206e-07
bspline_basis,o3mix,pair0.9,0.0,6,3,3,3,4.225508831723346e-13,6.296648186188136e-07
bspline_basis,o3mix,pair0.9,0.0,7,3,3,3,1.1102230246251565e-16,7.736376149702906e-07
bspline_basis,o3mix,pair0.9,0.0,8,3,3,3,6.5503158452884236e-15,3.6868952814073097e-06
bspline_basis,o3mix,pair0.9,0.0,9,3,3,3,6.106226635438361e-15,1.0513573674986176e-06
bspline_basis,o3mix,pair0.9,0.0,10,3,3,3,3.2529534621517087e-14,1.1927591914151492e-07
bspline_basis,o3mix,pair0.9,0.0,11,3,3,3,2.2648549702353193e-14,2.2973380198187954e-08
bspline_basis,o3mix,pair0.9,0.0,12,3,3,3,4.884981308350689e-15,2.9851982574768954e-07
bspline_basis,o3mix,pair0.9,0.0,13,3,3,3,6.946665465079604e-13,2.4744321924785595e-08
bspline_basis,o3mix,pair0.9,0.0,14,3,3,3,1.503241975342462e-13,7.375196053871491e-08
bspline_basis,o3mix,pair0.9,0.0,15,3,3,3,1.7617018954751984e-12,7.402065849149153e-09
bspline_basis,o3mix,pair0.9,0.0,16,3,3,3,1.9206858326015208e-14,7.60079773565181e-08
bspline_basis,o3mix,pair0.9,0.0,17,3,3,3,1.1102230246251565e-16,7.483070751934662e-08
bspline_basis,o3mix,pair0.9,0.0,18,3,3,3,1.0036416142611415e-13,5.3666324258960785e-05
bspline_basis,o3mix,pair0.9,0.0,19,3,3,3,6.861178292183467e-14,4.596629632480642e-09
bspline_basis,o3mix,pair0.9,0.5,0,3,3,3,1.2656542480726785e-14,2.7680166867494194e-06
bspline_basis,o3mix,pair0.9,0.5,1,3,3,3,2.220446049250313e-15,9.210421452410245e-06
bspline_basis,o3mix,pair0.9,0.5,2,3,2,3,1.4988010832439613e-14,0.5541214963002635
bspline_basis,o3mix,pair0.9,0.5,3,3,3,3,5.646594303243546e-13,0.000707752667287953
bspline_basis,o3mix,pair0.9,0.5,4,3,3,3,3.507749646303182e-12,2.631585612933307e-05
bspline_basis,o3mix,pair0.9,0.5,5,3,2,3,5.551115123125783e-16,0.05407086553988494
bspline_basis,o3mix,pair0.9,0.5,6,3,2,3,8.748557434046234e-14,0.2277108848165459
bspline_basis,o3mix,pair0.9,0.5,7,3,3,3,5.928590951498336e-14,0.006755246841725127
bspline_basis,o3mix,pair0.9,0.5,8,3,2,3,8.881784197001252e-16,0.2058599222753119
bspline_basis,o3mix,pair0.9,0.5,9,3,3,3,9.969802761133906e-14,0.00016766688852842826
bspline_basis,o3mix,pair0.9,0.5,10,3,2,3,9.844347559351263e-13,0.40716115259796937
bspline_basis,o3mix,pair0.9,0.5,11,3,3,3,4.835021272242557e-13,8.772016371061397e-07
bspline_basis,o3mix,pair0.9,0.5,12,3,2,3,1.1816103651085541e-12,0.09684924822216057
bspline_basis,o3mix,pair0.9,0.5,13,3,3,3,5.536682223805656e-13,2.32136650790693e-06
bspline_basis,o3mix,pair0.9,0.5,14,3,2,3,1.2019319206579837e-08,0.7307328722516591
bspline_basis,o3mix,pair0.9,0.5,15,3,3,3,3.3306690738754696e-16,0.0031095057493654155
bspline_basis,o3mix,pair0.9,0.5,16,3,3,3,1.6857626405908377e-12,0.026247150860116086
bspline_basis,o3mix,pair0.9,0.5,17,3,2,3,1.6653345369377348e-15,0.3398475806335849
bspline_basis,o3mix,pair0.9,0.5,18,3,3,3,4.6629367034256575e-15,0.0039430528558327405
bspline_basis,o3mix,pair0.9,0.5,19,3,2,3,2.9098945475425353e-13,0.4216774323699899
