experiment,dependence,n,sigma,rep,khat,ub_cert,rem1_mean,rem1_p,pi1,rem2_mean,rem2_p,pi2
ordersweep_censoring,pair0.99,20000,0.0,0,3,,0.678399844375834,1.0691447727140257e-13,1.0,6.655648742077691e-05,5.994030638500902e-08,1.0
ordersweep_censoring,pair0.99,20000,0.0,1,3,,0.7098322097230003,2.5497381983541345e-12,1.0,7.245325871907404e-05,4.085961153865725e-07,1.0
ordersweep_censoring,pair0.99,20000,0.0,2,3,,0.666449573056348,2.220446049250313e-16,1.0,7.07188820950222e-05,8.866314614719428e-07,1.0
ordersweep_censoring,pair0.99,20000,0.0,3,3,,0.676615007369729,2.9976021664879227e-15,1.0,7.082148717605375e-05,6.1996736633318505e-09,1.0
ordersweep_censoring,pair0.99,20000,0.0,4,3,,0.6871794088208671,2.0039525594484076e-13,1.0,6.937283120583837e-05,2.501241360697293e-07,1.0
ordersweep_censoring,pair0.99,20000,0.0,5,3,,0.6814824599197289,1.27675647831893e-14,1.0,6.627714244799021e-05,4.977701317798733e-08,1.0
ordersweep_censoring,pair0.99,20000,0.0,6,3,,0.6772948249379747,5.18030063290098e-13,1.0,7.446901504996051e-05,3.7284595211239946e-07,1.0
ordersweep_censoring,pair0.99,20000,0.0,7,3,,0.6934630148950185,3.6637359812630166e-15,1.0,6.508350562768328e-05,2.0355327390308986e-07,1.0
ordersweep_censoring,pair0.99,20000,0.0,8,3,,0.684096709184566,4.771738559838923e-13,1.0,6.561473797197514e-05,2.424251887012119e-07,1.0
ordersweep_censoring,pair0.99,20000,0.0,9,3,,0.6579934251174382,2.3314683517128287e-15,1.0,7.13555860744175e-05,4.13433649537609e-08,1.0
ordersweep_censoring,pair0.99,20000,0.0,10,3,,0.6836924055150215,2.55351295663786e-15,1.0,7.518980188550017e-05,7.614708730230291e-07,1.0
ordersweep_censoring,pair0.99,20000,0.0,11,3,,0.6806484166598818,3.1086244689504383e-15,1.0,7.212375454086483e-05,6.739489166740498e-08,1.0
ordersweep_censoring,pair0.99,20000,0.0,12,3,,0.6685162067601194,9.303668946358812e-14,1.0,7.049704566719495e-05,6.723582801626549e-10,1.0
ordersweep_censoring,pair0.99,20000,0.0,13,3,,0.6699288545042592,3.587130592563881e-13,1.0,7.370014831524774e-05,6.674256334271433e-07,1.0
ordersweep_censoring,pair0.99,20000,0.0,14,3,,0.6670682199867091,4.271027975732977e-13,1.0,7.028874798733486e-05,4.772505612926636e-09,1.0
ordersweep_censoring,pair0.99,20000,0.0,15,3,,0.6856051472790644,1.6653345369377348e-15,1.0,6.262609195504255e-05,5.542301062533284e-10,1.0
ordersweep_censoring,pair0.99,20000,0.0,16,3,,0.6775660317866679,2.90878432451791e-14,1.0,7.025371218500886e-05,1.928663206918202e-08,1.0
ordersweep_censoring,pair0.99,20000,0.0,17,3,,0.6724080623905652,1.9984014443252818e-15,1.0,7.576557619564106e-05,1.0287045304480102e-07,1.0
ordersweep_censoring,pair0.99,20000,0.0,18,3,,0.6801115640752038,3.774758283725532e-15,1.0,6.277629283084618e-05,1.6530781077328527e-08,1.0
ordersweep_censoring,pair0.99,20000,0.0,19,3,,0.6737209872439365,2.1094237467877974e-15,1.0,6.924015187070864e-05,3.8444597505460365e-09,1.0
ordersweep_censoring,pair0.99,20000,0.5,0,2,0.00019562888113824938,0.6185257439511027,1.1046719095020308e-13,1.0,5.471789933479965e-05,0.2128372992223717,0.7
ordersweep_censoring,pair0.99,20000,0.5,1,3,,0.6239688928769908,1.4678258608569195e-12,1.0,0.00010513803408960243,0.027199612008315555,0.9
ordersweep_censoring,pair0.99,20000,0.5,2,3,,0.6242497031838801,2.220446049250313e-16,1.0,6.554738127865223e-05,0.04357693113490557,0.9
ordersweep_censoring,pair0.99,20000,0.5,3,2,7.454467179769958e-05,0.6519294147465879,1.547417749492297e-11,1.0,1.1792660145959478e-05,0.31851009430793276,0.7
ordersweep_censoring,pair0.99,20000,0.5,4,2,0.00010008689069925588,0.6167577335945496,1.3211653993039363e-14,1.0,8.648067210137445e-06,0.4124733043485711,0.7
ordersweep_censoring,pair0.99,20000,0.5,5,2,0.00012080016316013943,0.6135185510361151,1.5543122344752192e-15,1.0,2.352388716510001e-05,0.2915519671736646,0.7
ordersweep_censoring,pair0.99,20000,0.5,6,2,7.762785983225147e-05,0.618988969518551,1.865174681370263e-14,1.0,-8.010259930035791e-06,0.5870215699225263,0.5
ordersweep_censoring,pair0.99,20000,0.5,7,2,0.0001579213023852049,0.6293775990782583,1.3877787807814457e-13,1.0,3.303400778208454e-05,0.288545174799572,0.7
ordersweep_censoring,pair0.99,20000,0.5,8,3,,0.6233825567768219,3.2873703759150885e-13,1.0,7.324717261303348e-05,0.02435759978300589,1.0
ordersweep_censoring,pair0.99,20000,0.5,9,2,0.00012243790551681413,0.6119326580794091,8.770761894538737e-15,1.0,-1.2061051628065033e-05,0.5765624907460478,0.3
ordersweep_censoring,pair0.99,20000,0.5,10,2,0.00012016836156562087,0.6156186913014359,4.3220982348657344e-13,1.0,3.921472316128494e-05,0.13319789741090293,0.8
ordersweep_censoring,pair0.99,20000,0.5,11,2,9.642161014494755e-05,0.651043238357733,3.6337599595981374e-13,1.0,6.815109482838367e-06,0.43070378331959636,0.6
ordersweep_censoring,pair0.99,20000,0.5,12,3,,0.6276187086657151,5.0959236830294685e-14,1.0,8.160254394878885e-05,0.03256142791423211,1.0
ordersweep_censoring,pair0.99,20000,0.5,13,2,4.7947847850229105e-05,0.6079017348776442,2.0305979120394113e-13,1.0,1.0603570444622789e-05,0.15934261279749773,0.8
ordersweep_censoring,pair0.99,20000,0.5,14,3,,0.6094586807778337,7.438494264988549e-15,1.0,6.99282202484941e-05,0.017391224911311065,1.0
ordersweep_censoring,pair0.99,20000,0.5,15,2,0.00010979495869660335,0.6159413411750193,1.6653345369377348e-15,1.0,3.072640252650416e-05,0.17752070534705022,0.8
ordersweep_censoring,pair0.99,20000,0.5,16,2,2.8286339276863375e-05,0.6227161968196817,6.0285110237146e-14,1.0,-4.7384394393990006e-05,0.9285974917173188,0.1
ordersweep_censoring,pair0.99,20000,0.5,17,3,,0.6047507134644196,7.105427357601002e-15,1.0,0.00010751552410239728,0.018719563862038546,1.0
ordersweep_censoring,pair0.99,20000,0.5,18,2,0.00019272005571199444,0.6118340142286691,8.393286066166183e-14,1.0,3.1910632126386226e-05,0.3411236843789367,0.7
ordersweep_censoring,pair0.99,20000,0.5,19,2,4.0921995972260594e-05,0.680541733083426,5.897115706865463e-07,1.0,-2.4381903303016817e-05,0.8370383391047358,0.3
ordersweep_censoring,pair0.9,5000,0.0,0,3,,0.7250583980140435,5.981610762262335e-10,1.0,0.008108684742968364,2.350900801251221e-06,1.0
ordersweep_censoring,pair0.9,5000,0.0,1,3,,0.7085637630912218,4.082290061546701e-12,1.0,0.007524235995694339,2.1761083163207573e-06,1.0
ordersweep_censoring,pair0.9,5000,0.0,2,3,,0.7085626011228849,4.959910260282641e-10,1.0,0.009017331341516766,1.1992377264569143e-06,1.0
ordersweep_censoring,pair0.9,5000,0.0,3,3,,0.6739232207062125,2.0118573473837387e-11,1.0,0.008331005508619815,5.0168455999144435e-05,1.0
ordersweep_censoring,pair0.9,5000,0.0,4,3,,0.7377713699413656,1.8198664797353103e-11,1.0,0.006899271131032314,1.0368136375005221e-05,1.0
ordersweep_censoring,pair0.9,5000,0.0,5,3,,0.6993787418630898,2.523033115764406e-09,1.0,0.01038633442282214,9.754074783097089e-06,1.0
ordersweep_censoring,pair0.9,5000,0.0,6,3,,0.7186418260708884,6.299949451005205e-11,1.0,0.01091148304647086,2.3824028294594513e-07,1.0
ordersweep_censoring,pair0.9,5000,0.0,7,3,,0.7466558696669644,1.4104273304837989e-12,1.0,0.006018167842073052,0.00011885903213137983,1.0
ordersweep_censoring,pair0.9,5000,0.0,8,3,,0.722162939484684,1.8848256289061283e-12,1.0,0.00826083055552379,4.173712377486538e-05,1.0
ordersweep_censoring,pair0.9,5000,0.0,9,3,,0.7328822411788505,1.634767876623755e-10,1.0,0.008931215627098744,8.815343826129585e-06,1.0
ordersweep_censoring,pair0.9,5000,0.0,10,3,,0.6935268832309894,1.8233192733418946e-12,1.0,0.00710433582069957,0.0001188644176989273,1.0
ordersweep_censoring,pair0.9,5000,0.0,11,3,,0.7277993223946874,2.064126647383091e-12,1.0,0.008986927421626567,4.1853886346365776e-05,1.0
ordersweep_censoring,pair0.9,5000,0.0,12,3,,0.721840883183382,6.952238784663223e-11,1.0,0.00876784545905499,2.5691792098214705e-06,1.0
ordersweep_censoring,pair0.9,5000,0.0,13,3,,0.7765019406289232,2.2835241919594296e-08,1.0,0.007130702607094519,6.0629353836660904e-05,1.0
ordersweep_censoring,pair0.9,5000,0.0,14,3,,0.7522004021050819,2.7180395489878606e-08,1.0,0.008984782301641448,4.871939239681211e-05,1.0
ordersweep_censoring,pair0.9,5000,0.0,15,3,,0.7532563782987103,2.1929404958598298e-09,1.0,0.0073373735745137615,7.04784150817872e-07,1.0
ordersweep_censoring,pair0.9,5000,0.0,16,3,,0.7016721560451532,3.4258207382009687e-10,1.0,0.006172431688548641,6.261859487488586e-06,1.0
ordersweep_censoring,pair0.9,5000,0.0,17,3,,0.7045127701235611,4.5899601897048115e-09,1.0,0.008134244469958163,2.186875689313972e-06,1.0
ordersweep_censoring,pair0.9,5000,0.0,18,3,,0.7253611404347744,9.513639875891045e-10,1.0,0.00900096709332976,9.467439026744628e-06,1.0
ordersweep_censoring,pair0.9,5000,0.0,19,3,,0.7467647618579843,3.2123881332779547e-10,1.0,0.008488142962150424,4.022828894223451e-06,1.0
ordersweep_censoring,pair0.9,5000,0.5,0,3,,0.625559321363367,4.880194026668505e-10,1.0,0.005771083617246442,0.00024603340657103345,1.0
ordersweep_censoring,pair0.9,5000,0.5,1,3,,0.6388051215601329,8.695266728864226e-13,1.0,0.006838598162645893,0.0008207684726314612,1.0
ordersweep_censoring,pair0.9,5000,0.5,2,3,,0.6239057346004954,6.61222854247967e-10,1.0,0.0071092448928728015,0.000565190311185293,1.0
ordersweep_censoring,pair0.9,5000,0.5,3,3,,0.6557312279331107,1.404210081545898e-11,1.0,0.0065012879309649715,0.0002609261637405158,1.0
ordersweep_censoring,pair0.9,5000,0.5,4,3,,0.6495503962336249,1.1567857782779356e-11,1.0,0.007930743150503194,0.00012851129470259348,1.0
ordersweep_censoring,pair0.9,5000,0.5,5,3,,0.6385790809365972,1.3341350246776074e-10,1.0,0.006469240957251643,4.4985240811090677e-05,1.0
ordersweep_censoring,pair0.9,5000,0.5,6,3,,0.6494309112414932,7.37798044880833e-10,1.0,0.008931456824348339,0.0005224540247596998,1.0
ordersweep_censoring,pair0.9,5000,0.5,7,3,,0.6369116196171896,2.4727267344815118e-08,1.0,0.007630986223960945,5.526393373478378e-06,1.0
ordersweep_censoring,pair0.9,5000,0.5,8,3,,0.6219136261656981,8.000156093146416e-12,1.0,0.009121800299262317,0.0009665166211036968,1.0
ordersweep_censoring,pair0.9,5000,0.5,9,3,,0.6291944395961129,7.354217235189253e-11,1.0,0.007471383550294719,3.6490915528819556e-05,1.0
ordersweep_censoring,pair0.9,5000,0.5,10,3,,0.635431478184991,1.7860157797144893e-11,1.0,0.0077609964644988596,7.321491712430905e-05,1.0
ordersweep_censoring,pair0.9,5000,0.5,11,3,,0.6751251167131587,6.845917832620785e-09,1.0,0.006222411065136857,0.00019788771894246882,1.0
ordersweep_censoring,pair0.9,5000,0.5,12,3,,0.6377784629776806,3.8964831361454344e-11,1.0,0.0078108379361400025,0.00045804667804238974,1.0
ordersweep_censoring,pair0.9,5000,0.5,13,3,,0.611107517800331,7.010636515758506e-11,1.0,0.007017983662548277,0.001726641992015665,1.0
ordersweep_censoring,pair0.9,5000,0.5,14,3,,0.6372201386352481,1.2027301377059985e-10,1.0,0.007758201474615312,4.704065333027696e-05,1.0
ordersweep_censoring,pair0.9,5000,0.5,15,3,,0.6729538784166039,1.1171852776215019e-08,1.0,0.006322032907752795,0.0030666828418689507,1.0
ordersweep_censoring,pair0.9,5000,0.5,16,3,,0.6654703509044898,2.7312932093792597e-07,1.0,0.007776025744447879,4.4183528279839734e-05,1.0
ordersweep_censoring,pair0.9,5000,0.5,17,3,,0.6245339767616951,5.304159333974212e-10,1.0,0.007126901041608291,0.00017083411734131193,1.0
ordersweep_censoring,pair0.9,5000,0.5,18,3,,0.6464522506686154,3.2005509353894013e-12,1.0,0.005217844367739366,0.0020040015225277763,1.0
ordersweep_censoring,pair0.9,5000,0.5,19,3,,0.6718693552704373,2.5759404609360104e-09,1.0,0.007142217356491532,1.4036111839477172e-05,1.0
