experiment,sigma,rep,data_seed,data_hash,khat_ordersweep,khat_cv1se,rem1_p,rem2_p,rem2_mean,ub_cert,cv_mse_gap23,cv_1se_margin,cv_1se_cutoff
discriminator_power,1.0,0,1472992424,d40f97111cb282dcef17cf0a60deaa656b0b1843781865492eed2e31b3ac0ac6,3,3,3.107514245925813e-13,1.390838026305019e-06,0.005218078679740623,,0.019088360725667664,0.012709790800465305,1.0053490358983719
discriminator_power,1.0,1,1472993401,dfb0217442eac6e8ef3dd0fa906d93ae27e8310ec87b9dae4172b2fb4dea0b44,3,3,6.956435427696306e-12,0.000573907636310822,0.004824532556089977,,0.017811102686397073,0.006454053732804916,1.0047894636490806
discriminator_power,1.0,2,1472994378,f4bad09efe38c214da9cd8258707f45a7e410dbf0fcc7923d4f4701ada6aca71,3,3,8.240297333372837e-12,0.0003920938408744634,0.0048098888869657404,,0.01673348064129576,0.007694223399118632,1.0115585202514523
discriminator_power,1.0,3,1472995355,fc1ffea2ff4be67d798892b0dad03d5763df296fc27ac62124f55f7fefb5efe7,3,3,3.4582336994049e-12,4.695987505987098e-05,0.005457481806094677,,0.021588345177964707,0.01178989732297719,1.008163003974064
discriminator_power,1.0,4,1472996332,754a9afbc1437b86000356351465a9c89f349787a0a2012924f5614746ab15a0,3,3,1.5784373808003238e-11,1.949525567512822e-05,0.005129791558415886,,0.018717608997713908,0.01155793768483411,1.018500391791875
discriminator_power,1.0,5,1472997309,02806e9a29ba6f2301a05781f75e944b769baf11e0b10b1a767a04f15a5aba10,3,3,2.2071233729548112e-12,1.1127259664789335e-05,0.006388750796486775,,0.021940083407257838,0.009245979302225045,1.0179230800329897
discriminator_power,1.0,6,1472998286,4b682434de1ee52b5799cbbf7f007b3a077f40e766bcd98c535eed7437709a2c,3,3,2.466915560717098e-13,1.2334137626468511e-05,0.006172899883873939,,0.022786525383625245,0.007458773486511692,1.0154370459388746
discriminator_power,1.0,7,1472999263,2d53515c25a9a93e2124690ca9f17c69e80029324ab8191bbb70f5eb03af6040,3,3,4.023842370415309e-10,6.766342831754368e-05,0.0046499556034023,,0.01713070994715926,0.016393050350464723,1.0142003321457198
discriminator_power,1.0,8,1473000240,fc0811c5152e06fa239a9b2771d7c89fb5a862206b10f7f12add2460bdc1db1a,3,3,5.906386491005833e-14,1.2414891382261928e-05,0.005147674685288784,,0.018387936058635423,0.010096664175137752,1.024277438349786
discriminator_power,1.0,9,1473001217,37cd3239687a37bd7e4d1e4f3b90056d0a0f9af08bae649d9b3f4c80b231965b,3,3,2.999988035767842e-10,9.316912068846328e-06,0.005872016608878339,,0.021355391850934602,0.012439220705314646,1.0171244007625722
discriminator_power,1.0,10,1473002194,9478697481463380c48016041109b4ed28ea4498b4141781891af355c386706b,3,3,7.956979519718743e-11,0.00036427148625217676,0.0038815334786379218,,0.016871516162934586,0.01517030167647792,1.0014427069705882
discriminator_power,1.0,11,1473003171,b8d1c4251cb3f913ee95296c12f1ae589da883cc2109a4b17d64dc7e91da1a86,3,3,7.285894110253821e-11,5.127833208273813e-06,0.0046334164893737095,,0.018286357122111907,0.009946203280412576,1.013582684726032
discriminator_power,1.0,12,1473004148,6c5adea4828006863e891a62f011130a7c6b9a49190dc9e87077d5e95119c3fd,3,3,4.053446467366939e-11,3.1797874943340076e-05,0.005388595073004543,,0.01949837872713278,0.01946172598494507,1.02335132701946
discriminator_power,1.0,13,1473005125,2020f0b39e943620833320d91d47a423fd9eb2db10a5acc023638bd934bc17b4,3,3,4.411360166045597e-12,9.724168415603529e-06,0.006288370693631351,,0.022333524236429758,0.008702761884870234,1.0111805781855343
discriminator_power,1.0,14,1473006102,aa40fbe36c75a63ad1a0d3fc1f3678f2cfe9c665b9d3378a415c765ac0243bad,3,3,1.0401679517713092e-12,1.4970528345870093e-06,0.00587912592933385,,0.018719644069673858,0.01233126472607897,1.009094489086309
discriminator_power,1.0,15,1473007079,4b63008d7502e9e6f7e10c63106ce4a2624220742b3d2c653d00293634dec97a,3,3,1.6459056340067946e-12,4.034336198444066e-08,0.005182101541040163,,0.019333722899533168,0.005630304711041284,1.0100675260509138
discriminator_power,1.0,16,1473008056,e4f6dddbd68452c6e7360a793a0816334294f6bcd2dba184f666acd9ecf834a6,3,3,3.2144287231972157e-12,0.0011993094255112746,0.004282523161552998,,0.015947353557656863,0.007456257106819669,1.0162082512336934
discriminator_power,1.0,17,1473009033,0d7d1a90da92d61e1437d81bcd4cf0327c8bb791c6fdaf68cf7d041891601cec,3,3,5.5104143470430245e-11,0.0005117440831867714,0.006093097906104894,,0.023639824761474082,0.010630861045183026,1.0016955734753077
discriminator_power,1.0,18,1473010010,f50ce293cef2feed97ae12d37d20a04ff72f3c20dbc92ec78e919b62689ec1ec,3,3,3.0008218132593356e-12,4.9393534010122586e-05,0.00619036203840635,,0.02060886451831956,0.014140133022663214,1.0175346142966648
discriminator_power,1.0,19,1473010987,a61db9e4382cc07aa244d8b2c744c524721554bea639e765d0fb8f9b2c1f8d23,3,3,2.8140823005173843e-12,3.5676880455026705e-05,0.005023554259370977,,0.01864671388671424,0.009041056548114825,0.9992201492076622
discriminator_power,1.5,0,629061360,6ce47925d47b1287ed1d0d33f3c7c2c9a568caa28bd0d142c381b56b9b619d30,3,3,3.2360133461750706e-09,0.00020962227679055534,0.003832299286882801,,0.016426035668116956,0.013608553669774828,2.2764306748520466
discriminator_power,1.5,1,629062337,0e3c4dd0661e532d60fa0e70097a249d22d02268579e19730d0a40aa319b01da,3,3,2.295069689850493e-10,0.00036112931244391966,0.0033228153826269534,,0.019187309860298818,0.01801263430155198,2.2722707623083704
discriminator_power,1.5,2,629063314,20bbcb0370cca384978bc5222537f94b1c328ba4c30f7bd9f242d360ff93e87e,3,3,1.3103962359650723e-11,8.456622039088035e-05,0.004105295318812008,,0.02036013426812744,0.012120271579490478,2.248582183136817
discriminator_power,1.5,3,629064291,8445f414cd1636f2ef76b465907c88cde58ba62de7d442f77e4a043c34e4022e,3,3,8.349188007628072e-11,0.00014145978480273325,0.003501252059253013,,0.017902149280622393,0.016620316056941885,2.293472521154939
discriminator_power,1.5,4,629065268,7234fbd76cb8d987cde52d5de169fd6b9e676991d8b0d0992e9659e179dc45c9,3,3,2.96800650723128e-09,2.955233615042907e-06,0.003948998567112849,,0.019925800169035668,0.012005381209408684,2.274683072773048
discriminator_power,1.5,5,629066245,bb77b87c5807de1f8cb08ab016dfef966ee068149462e128820aea7564f0e019,3,3,2.5827562311064867e-11,0.0004981877945400282,0.004179023396468829,,0.018437382562680238,0.014619372495426752,2.2593345166821273
discriminator_power,1.5,6,629067222,b32fe09db6b5211e24fb88e1cf0e3b16c6c2ab554ae3306a33ba1c7f6281b01a,3,3,1.5131618180674877e-10,0.00032348198857834465,0.0024582434245108307,,0.01384124064369141,0.01212095987653985,2.2684266432910345
discriminator_power,1.5,7,629068199,09b4aa375241fb88788ce78b649f162de4ea0ec60664665eb9b340394abb082a,3,2,7.372503951774689e-08,4.359461014502575e-05,0.003746945253076406,,0.020851913476538808,0.030329828876616796,2.280976925025498
discriminator_power,1.5,8,629069176,a396b0aa9dbbee167216e11ef5ddcde3e06dbfdccc58d5ada10b65fd45bddf41,3,2,3.902617673468001e-09,3.0566398000808626e-05,0.004152113456561723,,0.02210297010484208,0.0261610892456231,2.282922232610317
discriminator_power,1.5,9,629070153,d1335b72817d8941ff94a16fc8ca010d9c3d37ffae30e9852a6346c5b0b4df68,3,3,1.8456314254677864e-10,0.0024155185436200988,0.0040318923692197915,,0.021494225731732097,0.01920240223284419,2.273017943204022
discriminator_power,1.5,10,629071130,035de01c2132f84f13d149da9efe70fd41e63e240756d4ff97962722a9d5ee7c,3,2,1.8751666885918894e-13,0.00016239447854626832,0.003605581109270439,,0.01753337689331902,0.02712769828363756,2.29870982218215
discriminator_power,1.5,11,629072107,d37fd07a4ff681d19e39aecea0f6dbe697eb4555e3ab30a4660cab9feac81a37,3,2,2.4085178296218146e-12,0.000233441208818852,0.004587273390989954,,0.020391478793083007,0.026609625179534923,2.2769124337262245
discriminator_power,1.5,12,629073084,86054a841f843555ac3f6cef690d6d364f1022ecb559b8943edf0faa96efab3a,3,3,1.2879697308676441e-12,0.00019302265930853935,0.0038295702684815304,,0.019362086782256593,0.009845772408878935,2.293298858179348
discriminator_power,1.5,13,629074061,410e277b6391e54b3717e693d97ce9667d98fd9ded98b55981db16d1d9ad0e00,3,2,5.067790631585467e-11,0.00013885489177389854,0.0038480210858533592,,0.019502138526114265,0.02670662112362136,2.2628226423017934
discriminator_power,1.5,14,629075038,0e0cdeeb906c333d79694866997598fa9a704f21ffca089b7be71c50fa70cfc5,3,2,2.6499635819021705e-10,0.0004196246388685765,0.003710935622545053,,0.01740000550160614,0.019465647685296298,2.256947210314612
discriminator_power,1.5,15,629076015,dfc98e7281115ad344e05b8462c3b4ab0866c6e1f23c920fc4957d04088adfaf,3,2,2.3203661214665772e-14,0.00012181767806129784,0.0035810804555384103,,0.01982716492540515,0.02118909747741988,2.250739455576743
discriminator_power,1.5,16,629076992,2417abefdad74cecc33ef2e535fe8a78732ee26201ffa64355f8348754a9b0a0,3,2,6.820211062574799e-12,0.0005158459391594317,0.0035634116252408533,,0.019999428802538688,0.024696833105235516,2.2561164806281186
discriminator_power,1.5,17,629077969,237ad6ac39799e70bb8f0fe9840c46bc2a25ce6d1e9e66e15865598242a5084b,3,3,5.0865645029318785e-11,0.00016504930030136755,0.0033306241716323905,,0.015054650326385755,0.0110740029198254,2.3105269605577905
discriminator_power,1.5,18,629078946,71c2df5f170e34f4e613b09d1533eabe2b9c16fb8cc04214a26fe748f07f9ca8,3,2,1.000310945187266e-12,6.585398376279805e-06,0.003928576285308927,,0.019479207839399493,0.03443691481377843,2.2740353680250163
discriminator_power,1.5,19,629079923,68020133490ab1ee4ceef44d9c795cde467b9f78824ebe7566f9f19e9b37020d,3,2,4.883760063023601e-12,0.004602160000122479,0.0026627964077113875,,0.017022004842364602,0.01758044384145615,2.278839210637639
discriminator_power,2.0,0,3469034546,f4a447d643ee6ac8dd1930021f95cce0c8be9ee63a47072cb17ec88ee0b97e08,3,2,2.1758195245524803e-10,0.0003471561731924755,0.0031641945891023758,,0.017000173524261086,0.051558969869161156,4.13956167551037
discriminator_power,2.0,1,3469035523,c9b854709759fcbead6e154bdaa4f8f832d009c68fae6f84fa3b95d45a3b5638,3,2,5.853271201061716e-10,0.0012138320587538054,0.0033304878589308974,,0.020520089603451197,0.031773854700665585,4.111875168756919
discriminator_power,2.0,2,3469036500,ff5f8e787b6c19b90c5f702570eb7233229ce0e259edc8cabc06e973b92ca15a,3,2,5.520677248682659e-10,0.015212759411497023,0.001672917025314824,,0.012680876539941544,0.039743338606814414,4.062598351121944
discriminator_power,2.0,3,3469037477,a90b6870ceacdf117560d742b57bae5ef5b9bd6d0156eb668ab765a346a0f06d,3,3,9.185441296466479e-11,0.009953142140944782,0.002672893850267988,,0.016387082456637447,0.016139905664376026,3.9880867935435496
discriminator_power,2.0,4,3469038454,8b3fe579d04277fb3c4af17ce31550ee703f6a7830da015b6da4399863e6cadf,3,2,2.528678599844625e-09,0.0005767764838784384,0.0032259181812119286,,0.02041488822155557,0.03304524690349785,4.108920793492183
discriminator_power,2.0,5,3469039431,205cd50c94af153760b459fe642318fd07deea85d7cc4b1241dd6f8b25c8df02,3,2,1.366205260033837e-09,0.0007528702483544647,0.0033688898002265043,,0.02067824904634108,0.031160119121747838,3.956192871660234
discriminator_power,2.0,6,3469040408,4a5dd6c59838fffd8b0b052741b92ecff6bd8e19e75ca7428ff91668190fe7f2,3,2,7.522538147952673e-12,0.00010954081622349676,0.003225569099996728,,0.02276158927566385,0.04348208146160662,4.0615837505911685
discriminator_power,2.0,7,3469041385,63b37e07915de97481d15a1aa441a78fc724c8baaf99ef84da7384fc0570c1aa,3,2,1.5975311074001297e-09,0.014977432846007166,0.0021851257347963115,,0.016963809832073462,0.04722959538267967,3.9843773154099895
discriminator_power,2.0,8,3469042362,7d4e01d0ea33dff829138cce699fd26a505a7cff8cade48c220e3921dd2bfa84,3,2,1.7530421558831222e-11,0.00047886052055046147,0.0035283857523319417,,0.02591302342685875,0.043522793005454564,4.027637785047745
discriminator_power,2.0,9,3469043339,6c89b69db9c651a867354ffc78eb1d61d23ac6f56869e71254f97e7743c3a1f2,3,2,1.6843493266804899e-10,0.006947021638430528,0.0029744295531905717,,0.018468989463308993,0.02231392987336802,4.063643629807304
discriminator_power,2.0,10,3469044316,68417c0f0ff46bd35fbb9fdc30e36f9fb48aca78a1a0e9cce35fed46fa8fbb10,3,2,1.1597771631954856e-09,0.0011850626290029753,0.0022825015942699034,,0.017600050339349416,0.05626472894387806,4.104441043402849
discriminator_power,2.0,11,3469045293,9b2fee75b9d21c1c7db5e02b0c7c9f83b569322eaf39e6620342f1fb0a8e488c,3,2,1.2816232519696769e-09,0.0005922680852770146,0.0029382079821239416,,0.018541446869162925,0.033919798040702456,4.067505213297988
discriminator_power,2.0,12,3469046270,91d5a8bcab5f6bda9cfc85e99a8f43b26a53a1cadbabcbba86cb33a3488a90eb,3,3,3.2462066368310616e-10,0.000129740891224972,0.004016280562604379,,0.02661056377264437,0.020221760192833935,4.044066509825984
discriminator_power,2.0,13,3469047247,473e987cd82e28180adc40e5708eec05807dadba14ef60ae73231845b4702bed,3,2,2.82531997797264e-09,0.0004997256250555138,0.0036235248135313646,,0.023682842400241988,0.06988997336387809,3.986419900823808
discriminator_power,2.0,14,3469048224,ff656ce4fc10ab32b5f51c4157883aced4b08a1bdb7665abded72d28edcd5c89,3,2,1.38215328071567e-10,0.001526538578578207,0.0025663449875924617,,0.01740979744925575,0.02807264504178741,4.041155577952798
discriminator_power,2.0,15,3469049201,86fc671b8bfae114ca9ee6e3ffd2d610bc6392957385042d38ed806953847322,3,2,4.6243231466291945e-11,0.024860393754758903,0.001977694851524936,,0.01912690083701296,0.04761481781672711,4.0515827098972945
discriminator_power,2.0,16,3469050178,0e3dfd71b8d1bff6a43f4a9e1242c2f97ecf909368ee67bf6512e14156766cba,3,2,7.052208816915595e-10,0.00838464703101427,0.00225636737995355,,0.01670447401181452,0.028410140185374928,3.980759120389391
discriminator_power,2.0,17,3469051155,0a1609a3128c618f72470ade9298af2cdd079bfc8998a420858f34fc5792a686,3,2,9.977751957990222e-11,0.0007695460276856414,0.002703604397916626,,0.018431041201544485,0.02706910690326995,3.9852434084427752
discriminator_power,2.0,18,3469052132,ac4ba09f9a962bdbf509f4eddf5145c6575aafb8a11fa8288c1fd28c72a23eb7,3,2,2.3005878313497874e-07,0.002530965928867035,0.0032171027613999703,,0.019244100462748825,0.031456762111449335,4.044926715059783
discriminator_power,2.0,19,3469053109,aed933ac00d1a546ce79dcadc8d2e562670be49e9fd1511bec6d9223cb0c0d8f,3,2,1.0400373451346923e-08,0.003238943738058553,0.0026010749743049398,,0.0160967703671675,0.05269545986846386,4.074683655730548
discriminator_power,2.5,0,658327753,79f70c2a75a5fb465b401907ef1f4e39b289fb7b97a6269c8276626cf49da5a4,3,2,5.350250131819223e-09,0.0015033108842782417,0.0013092772688373055,,0.011982538257364617,0.06415141504280099,6.295547320286035
discriminator_power,2.5,1,658328730,2602bf86665f0db4ae50945adc4e93558517f0caafb3b850fdaced308af8d0b2,3,2,2.6139962416849016e-09,0.00015513143853695954,0.002560635676881251,,0.021053052135002304,0.08667806304017331,6.366261682803042
discriminator_power,2.5,2,658329707,4a81ff340e4e8c34c109b78bf5c2b2dc439d3866ff5651eefabe943c6e944e4f,3,2,1.9092855629843086e-08,0.01360454415699941,0.002516539882347524,,0.022533495298431738,0.04090696722674019,6.413037008984087
discriminator_power,2.5,3,658330684,c01108fdac6480fc495666586f22a5d5059db21f96fd9be9efd0435dd9668769,3,2,4.5740710552522046e-08,0.004147384503077833,0.002184028616339728,,0.015800237149539598,0.06762809265909837,6.390396915135173
discriminator_power,2.5,4,658331661,faa8ddcc863292066bf39a7ab4ec9e25ae741ed8b560ab3b5486dcbc96f0ffff,3,2,1.7890688930322085e-11,0.013932001691296159,0.002283897116654288,,0.018989012012885276,0.0867748590074628,6.44903266605157
discriminator_power,2.5,5,658332638,ec8a5bafbfe53258862c293e732c06c4b215aed148c8b1c37f35f9e469067c81,3,2,5.4082960332380026e-11,0.003417575218572111,0.0018232022147182004,,0.02102982905138795,0.04063220700922058,6.239897768303311
discriminator_power,2.5,6,658333615,e6551330d874189cc31a0279c60a5030ed0f33fdc6012021d8400d9680a12193,2,2,4.454033808443114e-10,0.15611985880387969,0.0005086045073135481,0.0015713437816891483,0.006483982966395629,0.058996486164543754,6.385274437231562
discriminator_power,2.5,7,658334592,88f76a4c87f42198efd40d1e50e8d07b5086266e80d5cc5e0dc4b06b89c8ea15,3,2,3.796449488113751e-09,0.03376275318815136,0.0014573980955868593,,0.012305152036287126,0.05745528500654909,6.266943148409699
discriminator_power,2.5,8,658335569,17081e4da74141b67dd8c69ec8543254d9f7f82a9cea4d73cfff94196a2daf0d,3,2,1.3369891860293137e-09,0.005954372162727872,0.0020588750591427176,,0.014786942990951069,0.08244215847669263,6.3184439674448925
discriminator_power,2.5,9,658336546,a6e1d6d9f892b02a073f39a1c651c76edb8ad7d4dca51d4c9d696ca668341855,3,2,2.0042167925282683e-10,0.0020720320020626293,0.0018273827709254342,,0.01914041307850045,0.07186238571705057,6.384496138330835
discriminator_power,2.5,10,658337523,3ec76d30cb51b250a6c8726ea8edd1eba0407ab8a6ff6a6b12d34d0a7a0c9615,3,2,1.429323326362919e-10,0.003780802917585979,0.003531304053415396,,0.03073180608422188,0.07083299606782784,6.380576336369138
discriminator_power,2.5,11,658338500,73babf6a7a33b69dc714a8a512f978a4bf8a86d87b35ea95109f0234514d2bb3,3,2,2.6261215424483453e-11,0.023062333470945773,0.002023551155318426,,0.021394768636527672,0.037290046092557795,6.3008439712675965
discriminator_power,2.5,12,658339477,35b5906a7fbd23582ddb615381cfbea88e14934921bf01e3421230d6e3d158df,2,2,9.68687619007369e-09,0.15304648150653577,0.0006108964143959672,0.0018344859570687542,0.005758776341556526,0.037636874303218014,6.358458753460405
discriminator_power,2.5,13,658340454,5280e525b351a9166c5f687b89201352c2e97005f6d47158cc615b688a1070b7,3,2,1.6247292400350943e-10,0.001022720955052292,0.002310417087836414,,0.018191169073231706,0.0690011361245707,6.252859259252577
discriminator_power,2.5,14,658341431,2d3d5ff096423be6c234048c50a14a992d73dec63ba1f07222b79a2d5553fa73,3,2,5.096256749936856e-12,0.009442405838544055,0.002582234019157359,,0.0184295213070218,0.06011512127547119,6.313495759269009
discriminator_power,2.5,15,658342408,296f23820836fa9a17632178ebd90cd48491a995a24e027d37177c504eaea8ef,3,2,1.3716836888555406e-08,0.0035246147646673665,0.003179092846746623,,0.026437365680113345,0.04156569692799195,6.413782494281142
discriminator_power,2.5,16,658343385,84aa3124fac4fe05658581b5515b27a34e2a62100089384493facf8ef7bb8093,3,2,1.1811651656756794e-09,0.027697834925766607,0.002046651370570951,,0.018890771648372606,0.037832255724395726,6.263909478655312
discriminator_power,2.5,17,658344362,fd145ca549648b2a330544712f3b8717340c3188dd44c6c9f371d6afa237d60a,3,2,2.2640144203833756e-09,0.010516038020761398,0.0012075964172369668,,0.00901900975876302,0.04625088964416132,6.345924915781083
discriminator_power,2.5,18,658345339,0df05963b7a59e6290450703f0aae0a3f77806af4febc98ea46e64ba4f740f4d,3,2,2.304439639111422e-09,0.01789057360570845,0.001660830356814591,,0.01471401897516511,0.05729286985311506,6.283083878765946
discriminator_power,2.5,19,658346316,d3a9c3e632647abf793d71097eb9ea121aff6fd8f91ef68b06d9f5e7816538d1,3,2,5.454379170544144e-10,0.015210691878880467,0.0019108464870730701,,0.014089890587078102,0.06628530377946178,6.291775839512595
discriminator_power,3.0,0,3116774340,36dcb8e864e3ea2ccea835c0b7010a22874188c15a8d3ec3389a378b9c810552,2,2,2.962032841224982e-10,0.12810520262221492,0.0009458287312576807,0.0025830942434715834,0.01177589298636228,0.11180581763490349,9.135111298741263
discriminator_power,3.0,1,3116775317,57b718cdb9d9f900023c50b663376a0862078ccd2ac41f7989af8d9e2082a707,2,2,3.651701940832197e-09,0.11128216425441784,0.0010040326115610676,0.00261508928037341,0.015347156789353278,0.07485191465225846,9.111389615029635
discriminator_power,3.0,2,3116776294,d25ed950a0d1536f28715ad554f026efe0a5073c5fc075d9bd97b6b9a2b8e988,3,2,1.0092641167247507e-09,0.0018868092434335404,0.002137902869638053,,0.026274947102431057,0.10647864370989425,9.198023733058896
discriminator_power,3.0,3,3116777271,6726de36961b0bce4659de5a16a48056c123ba883e53801dd0d66e385748d684,3,2,5.938541514094453e-08,0.01693465989380516,0.0015563108215261522,,0.014762884172723645,0.05505648355542883,9.041524464588997
discriminator_power,3.0,4,3116778248,fb5ecdeaa066eaa1084c3c4bce8fb653ece6cbce789770588ed5f158dd5d5e13,3,2,1.6961581328356345e-07,0.022868208813516366,0.0016304649382161474,,0.015679383979373185,0.11518156069377113,9.147598181128616
discriminator_power,3.0,5,3116779225,931170f85f45ebf9b5d9779425d858ab90242b7ebf2be10d7d215930714fbaa8,3,2,3.7315261991466286e-11,0.019214993310488704,0.00227146275277057,,0.020393896127615108,0.03037935317124411,8.918831450696123
discriminator_power,3.0,6,3116780202,d8ca92c8e10e4940dc8dfec41f751a8b4d05341def2fb8c489da5ace2617a587,2,2,3.9395087192417577e-10,0.054870442757670945,0.0013036471412325112,0.002861257380045219,0.01338590869238132,0.06689948747468309,8.98165456904701
discriminator_power,3.0,7,3116781179,10142044b1adf05543a0e88a574a72e0795874091ea9a770d61ad7cb58ba06fe,3,2,5.527698165863626e-08,0.01226750525389142,0.0015735721544664406,,0.014710498113416293,0.11203085110027065,9.134355518659653
discriminator_power,3.0,8,3116782156,0330caf4ba8c4199145c5a10d02d8da3d386b9652bb4ab23b3d3b7f1cfd5dd6e,3,2,3.5861980052231957e-10,0.014134840930416837,0.0013166054511751235,,0.01440411255102525,0.09681668564027227,9.053870476284677
discriminator_power,3.0,9,3116783133,d04e9e697ae2a459abc5e37b2899f2c4aefb5072b7a0bbefe6da8e09a3fb8fef,2,2,1.7664979479192766e-09,0.05764804048313432,0.0011022894124323667,0.0024667086793521676,0.008504135588227157,0.03641946900149564,9.14919169574453
discriminator_power,3.0,10,3116784110,a46cc79ad6da0c510ddc3a5526d2a959db7e98db8f1517b21a313ae0ba3d30cf,3,2,2.1828613361307703e-09,0.025290943122472265,0.0010650103857406056,,0.016136048177450846,0.09246551982914897,9.195437056768844
discriminator_power,3.0,11,3116785087,225f3b3f43236f7a17854f19f008724af51a3ae3bc64e5ed57a824f5ba99999f,3,2,2.2748185557475153e-09,0.012509467383298944,0.0015288151254339356,,0.016366422003363468,0.06812934959921295,9.006086177491849
discriminator_power,3.0,12,3116786064,070515f1d827f4f47b98335af4f187e65ec32af7195206bdd0cba7fbc4eb7e91,3,2,2.377853247637063e-09,0.04442814087714597,0.0013709424752807009,,0.012044501254449003,0.07873492389571851,9.064160980472726
discriminator_power,3.0,13,3116787041,7bbd391588a18c69a296c984c26866f8e4c2c95add845b735a4d3dbea2fd3300,3,2,3.2990166154434064e-11,0.024750863336996387,0.0013815262198576428,,0.018773102333939917,0.11370048360582438,9.156763786308339
discriminator_power,3.0,14,3116788018,615ebefd9ec9a4302851be38d692b332ccf776fc6f135cecdd4656191b19eb06,3,2,5.229185973121275e-10,0.011117932246759388,0.0011984221694288366,,0.015175070726957784,0.08563750136635484,9.018412023706619
discriminator_power,3.0,15,3116788995,b95e406e79400ec32e2a5310b49fab906dfcd6fc348a145c511377a09ee6820a,3,2,5.9591109824452815e-09,0.02292436904187345,0.001714943840244987,,0.01901796247229015,0.07160881125235703,9.065373560964764
discriminator_power,3.0,16,3116789972,a38457e8de31f0df0431b60735575c1b7923a0b2b18b5dfc546b9aafe335adb3,3,2,1.0045686837933943e-08,0.02333183426075125,0.0013043805372610628,,0.02081981817489087,0.03762205320817123,9.105598842330288
discriminator_power,3.0,17,3116790949,6411195624e9ee5b90bd91e81e9ad22b85fd084eb36f779b4eb139b984ecb477,2,2,4.281528925842437e-07,0.25366161015123856,0.0004065932473722222,0.0016934339682109834,0.006757455351630526,0.08071995450489618,9.101688971864599
discriminator_power,3.0,18,3116791926,220917c186609e3e3a785bae57bb34049326a62176b4fd1e36597f895216a2ca,2,2,7.19028026008317e-08,0.2071245905894975,0.0008034696518533169,0.002730703385977938,0.015764735097617333,0.10753555187279323,9.156933236662868
discriminator_power,3.0,19,3116792903,b85ff6808ddfa3d71f632322cc1c250afeff9369ffb02c570f5df8bdd70b858b,2,2,1.886682166052367e-08,0.05922053276840411,0.0013666497537479394,0.003021392502165959,0.016412010903822605,0.12241140982987306,8.980476232703227
